1999-025AC,1999,1998-044B,1998,1997-021A,1997
1999-025AMP,1999,1999-025C,1999,1997-029A,1997
1999-025BCJ,1999,1999-057C,1999,1997-029C,1997
1999-025CCK,1999,2000-032B,2000,1997-042A,1997
1999-025CE,1999,2002-024C,2002,1997-048A,1997
1999-025CMH,1999,2003-049C,2003,1997-048B,1997
1999-025CNV,1999,2004-012C,2004,1997-062A,1997
1999-025CT,1999,2004-029B,2004,1998-033A,1998
1999-025CZY,1999,2004-035C,2004,1998-044A,1998
1999-025D,1999,2004-046B,2004,1999-025A,1999
1999-025DK,1999,2005-024B,2005,1999-025B,1999
1999-025DL,1999,2006-015B,2006,1999-053A,1999
1999-025JG,1999,2006-046C,2006,2000-003A,2000
1999-025JJ,1999,2006-048B,2006,2000-032A,2000
1999-025JK,1999,2007-003B,2007,2000-032C,2000
1999-025JM,1999,2007-010B,2007,2000-033B,2000
1999-025JR,1999,2007-042B,2007,2000-069A,2000
1999-025JT,1999,2007-055B,2007,2000-082A,2000
1999-025JX,1999,2008-026B,2008,2002-024A,2002
1999-025JY,1999,2008-053C,2008,2002-024B,2002
1999-025KE,1999,2008-066B,2008,2003-021A,2003
1999-025KG,1999,2009-018B,2009,2003-049B,2003
1999-025KU,1999,2009-061B,2009,2003-052A,2003
1999-025KZ,1999,2009-072C,2009,2004-007A,2004
1999-025LD,1999,2010-001B,2010,2004-012A,2004
1999-025LK,1999,2010-009D,2010,2004-012B,2004
1999-025LN,1999,2010-027B,2010,2004-024A,2004
1999-025LT,1999,2010-051C,2010,2004-029A,2004
1999-025LU,1999,2010-059B,2010,2004-035A,2004
1999-025MC,1999,2011-013B,2011,2004-035B,2004
1999-025MJ,1999,2011-030B,2011,2004-042A,2004
1999-025MK,1999,2011-039B,2011,2004-042C,2004
1999-025PD,1999,2011-043B,2011,2004-044A,2004
1999-025PP,1999,2011-068C,2011,2004-046A,2004
1999-025PU,1999,2011-079B,2011,2005-012A,2005
1999-025QF,1999,2012-002B,2012,2005-024A,2005
1999-025YF,1999,2012-028B,2012,2005-043A,2005
1999-025YS,1999,2012-029B,2012,2006-015A,2006
1999-057AD,1999,2012-059B,2012,2006-038A,2006
1999-057AM,1999,2012-066D,2012,2006-046A,2006
1999-057AQ,1999,2013-018E,2013,2006-046B,2006
1999-057AU,1999,2013-020B,2013,2006-048A,2006
1999-057AV,1999,2013-035B,2013,2006-053A,2006
1999-057AY,1999,2013-037D,2013,2006-053C,2006
1999-057BE,1999,2013-046D,2013,2007-003A,2007
1999-057DC,1999,2013-052B,2013,2007-010A,2007
1999-057DJ,1999,2013-057B,2013,2007-011A,2007
1999-057DL,1999,2013-059B,2013,2007-019A,2007
1999-057DP,1999,2013-065B,2013,2007-031A,2007
1999-057DR,1999,2013-070B,2013,2007-055A,2007
1999-057E,1999,2014-014B,2014,2008-019A,2008
1999-057EA,1999,2014-047D,2014,2008-026A,2008
1999-057F,1999,2014-059B,2014,2008-028A,2008
1999-057FK,1999,2014-063B,2014,2008-041A,2008
1999-057GG,1999,2014-066B,2014,2008-041B,2008
1999-057H,1999,2014-071B,2014,2008-053A,2008
1999-057HX,1999,2014-079B,2014,2008-053B,2008
1999-057R,1999,2014-080D,2014,2008-056A,2008
1999-057Z,1999,2014-090B,2014,2008-056B,2008
2002-024D,2002,2015-019C,2015,2008-061A,2008
2003-061C,2003,2015-037C,2015,2008-066A,2008
2006-015J,2006,2015-037D,2015,2008-066C,2008
2006-053D,2006,2015-040B,2015,2009-018A,2009
2007-003AA,2007,2015-049Q,2015,2009-021A,2009
2007-003AB,2007,2015-063B,2015,2009-061A,2009
2007-003AC,2007,2015-069B,2015,2009-069A,2009
2007-003AD,2007,2016-006B,2016,2009-072A,2009
2007-003AE,2007,2016-021B,2016,2009-072B,2009
2007-003AG,2007,2016-037B,2016,2010-001A,2010
2007-003AJ,2007,2016-049B,2016,2010-009A,2010
2007-003AK,2007,2016-065B,2016,2010-009B,2010
2007-003AM,2007,2016-065C,2016,2010-009C,2010
2007-003AQ,2007,2016-066G,2016,2010-024A,2010
2007-003AR,2007,2016-068B,2016,2010-027A,2010
2007-003AS,2007,2016-072B,2016,2010-036A,2010
2007-003AT,2007,2017-018B,2017,2010-038A,2010
2007-003C,2007,2017-058D,2017,2010-040A,2010
2007-003F,2007,2017-069C,2017,2010-042A,2010
2007-003H,2007,2017-072C,2017,2010-047A,2010
2007-003J,2007,2017-074D,2017,2010-047B,2010
2007-003K,2007,2017-075D,2017,2010-047C,2010
2007-003L,2007,2017-085D,2017,2010-051A,2010
2007-003N,2007,2018-002C,2018,2010-051B,2010
2007-003Q,2007,2018-003C,2018,2010-057A,2010
2007-003R,2007,2018-003D,2018,2010-059A,2010
2007-003S,2007,2018-008G,2018,2010-064A,2010
2007-003U,2007,2018-011E,2018,2010-068A,2010
2007-003Y,2007,2018-018D,2018,2011-013A,2011
2007-011C,2007,2018-029C,2018,2011-026A,2011
2008-041D,2008,2018-029D,2018,2011-030A,2011
2010-009E,2010,2018-031F,2018,2011-032A,2011
2010-009F,2010,2018-034D,2018,2011-038A,2011
2010-042AA,2010,2018-043B,2018,2011-039A,2011
2010-042AB,2010,2018-050B,2018,2011-043A,2011
2010-042AC,2010,2018-054D,2018,2011-047A,2011
2010-042AD,2010,2018-062D,2018,2011-066B,2011
2010-042AE,2010,2018-067D,2018,2011-068A,2011
2010-042AF,2010,2018-068B,2018,2011-068B,2011
2010-042AG,2010,2018-072C,2018,2011-072A,2011
2010-042AH,2010,2018-072D,2018,2011-073A,2011
2010-042C,2010,2018-078C,2018,2011-079A,2011
2010-042D,2010,2018-078D,2018,2012-001A,2012
2010-042E,2010,2018-081B,2018,2012-002A,2012
2010-042F,2010,2018-093C,2018,2012-002C,2012
2010-042G,2010,2018-108B,2018,2012-008A,2012
2010-042J,2010,2018-110B,2018,2012-013A,2012
2010-042K,2010,2019-012B,2019,2012-018A,2012
2010-042L,2010,2019-017B,2019,2012-018B,2012
2010-042M,2010,2019-023B,2019,2012-020A,2012
2010-042N,2010,2019-027B,2019,2012-021A,2012
2010-042P,2010,2019-045D,2019,2012-028A,2012
2010-042Q,2010,2019-053B,2019,2012-029A,2012
2010-042R,2010,2019-058C,2019,2012-040A,2012
2010-042S,2010,2019-059D,2019,2012-050A,2012
2010-042T,2010,2019-061C,2019,2012-050B,2012
2010-042U,2010,2019-063B,2019,2012-056A,2012
2010-042V,2010,2019-066B,2019,2012-056B,2012
2010-042W,2010,2019-070B,2019,2012-059A,2012
2010-042X,2010,2019-076F,2019,2012-064A,2012
2010-042Y,2010,2019-077C,2019,2012-064B,2012
2010-042Z,2010,2019-078C,2019,2012-066A,2012
2010-057AC,2010,2019-078D,2019,2012-066B,2012
2010-057AD,2010,2019-082B,2019,2012-066C,2012
2010-057AE,2010,2019-090C,2019,2012-067A,2012
2010-057AF,2010,2019-090D,2019,2013-018A,2013
2010-057AG,2010,2019-093K,2019,2013-020A,2013
2010-057AJ,2010,2020-014D,2020,2013-035A,2013
2010-057AL,2010,2020-017B,2020,2013-037A,2013
2010-057AM,2010,2020-021D,2020,2013-037B,2013
2010-057AN,2010,2020-036B,2020,2013-037C,2013
2010-057AS,2010,2020-040B,2020,2013-046A,2013
2010-057AW,2010,2020-042C,2020,2013-046B,2013
2010-057AY,2010,2020-045B,2020,2013-046C,2013
2010-057AZ,2010,2020-066B,2020,2013-052A,2013
2010-057BE,2010,2020-067D,2020,2013-057A,2013
2010-057BG,2010,2020-076E,2020,2013-065A,2013
2010-057BJ,2010,2020-092B,2020,2013-068A,2013
2010-057BK,2010,2020-102F,2020,2014-006A,2014
2010-057BL,2010,2020-103C,2020,2014-014A,2014
2010-057BM,2010,2021-007F,2021,2014-047A,2014
2010-057BN,2010,2021-014F,2021,2014-047B,2014
2010-057BP,2010,2021-019B,2021,2014-047C,2014
2010-057BQ,2010,2021-020E,2021,2014-049A,2014
2010-057C,2010,2021-026B,2021,2014-051A,2014
2010-057D,2010,2021-028B,2021,2014-051B,2014
2010-057E,2010,2021-037B,2021,2014-053A,2014
2010-057F,2010,2021-039E,2021,2014-053B,2014
2010-057H,2010,2021-043D,2021,2014-059A,2014
2010-057J,2010,2021-055C,2021,2014-063A,2014
2010-057K,2010,2021-062C,2021,2014-066A,2014
2010-057L,2010,2021-064F,2021,2014-071A,2014
2010-057M,2010,2021-065E,2021,2014-072A,2014
2010-057N,2010,2021-070C,2021,2014-079A,2014
2010-057P,2010,2021-079B,2021,2014-080A,2014
2010-057Q,2010,2021-094B,2021,2014-080B,2014
2010-057R,2010,2021-101C,2021,2014-080C,2014
2010-057S,2010,2021-109B,2021,2014-088A,2014
2010-057T,2010,2021-114B,2021,2014-090A,2014
2010-057U,2010,2021-124B,2021,2015-010A,2015
2010-057V,2010,2021-131C,2021,2015-019A,2015
2010-057W,2010,2022-004B,2022,2015-030A,2015
2010-057Y,2010,2022-007B,2022,2015-037A,2015
2010-057Z,2010,2022-018B,2022,2015-037B,2015
2011-077AA,2011,2022-027B,2022,2015-040A,2015
2011-077AC,2011,2022-031C,2022,2015-046A,2015
2011-077AD,2011,2022-035B,2022,2015-047A,2015
2011-077AE,2011,2022-038B,2022,2015-049A,2015
2011-077AF,2011,2022-039B,2022,2015-049C,2015
2011-077AG,2011,2022-043D,2022,2015-049D,2015
2011-077AH,2011,2022-058K,2022,2015-049E,2015
2011-077AJ,2011,2022-068D,2022,2015-049F,2015
2011-077AK,2011,2022-069B,2022,2015-049G,2015
2011-077AL,2011,2022-078B,2022,2015-051A,2015
2011-077AM,2011,2022-082D,2022,2015-053A,2015
2011-077AN,2011,2022-087F,2022,2015-057A,2015
2011-077AP,2011,2022-088B,2022,2015-057B,2015
2011-077AR,2011,2022-090D,2022,2015-057C,2015
2011-077AS,2011,2022-093B,2022,2015-057D,2015
2011-077C,2011,2022-100B,2022,2015-059A,2015
2011-077D,2011,2022-106B,2022,2015-061A,2015
2011-077E,2011,2022-108C,2022,2015-061D,2015
2011-077F,2011,2022-109E,2022,2015-063A,2015
2011-077G,2011,2022-112B,2022,2015-064A,2015
2011-077H,2011,2022-115B,2022,2015-069A,2015
2011-077J,2011,,,2015-073A,2015
2011-077K,2011,,,2015-078A,2015
2011-077L,2011,,,2015-083A,2015
2011-077M,2011,,,2016-006A,2016
2011-077N,2011,,,2016-021A,2016
2011-077P,2011,,,2016-029A,2016
2011-077Q,2011,,,2016-033A,2016
2011-077R,2011,,,2016-037A,2016
2011-077S,2011,,,2016-043A,2016
2011-077T,2011,,,2016-048A,2016
2011-077U,2011,,,2016-049A,2016
2011-077V,2011,,,2016-051A,2016
2011-077W,2011,,,2016-065A,2016
2011-077X,2011,,,2016-066A,2016
2011-077Y,2011,,,2016-066C,2016
2011-077Z,2011,,,2016-066D,2016
2012-008AA,2012,,,2016-066E,2016
2012-008AB,2012,,,2016-068A,2016
2012-008AC,2012,,,2016-072A,2016
2012-008AD,2012,,,2016-077A,2016
2012-008AE,2012,,,2016-081A,2016
2012-008AF,2012,,,2016-081B,2016
2012-008AG,2012,,,2016-081C,2016
2012-008AH,2012,,,2016-081D,2016
2012-008AJ,2012,,,2016-083A,2016
2012-008AK,2012,,,2016-083B,2016
2012-008AM,2012,,,2017-001A,2017
2012-008AN,2012,,,2017-002A,2017
2012-008AP,2012,,,2017-002B,2017
2012-008AQ,2012,,,2017-012A,2017
2012-008AR,2012,,,2017-018A,2017
2012-008AS,2012,,,2017-034A,2017
2012-008AT,2012,,,2017-034B,2017
2012-008AU,2012,,,2017-034D,2017
2012-008AV,2012,,,2017-035A,2017
2012-008C,2012,,,2017-058A,2017
2012-008D,2012,,,2017-058B,2017
2012-008E,2012,,,2017-058C,2017
2012-008F,2012,,,2017-069A,2017
2012-008G,2012,,,2017-069B,2017
2012-008H,2012,,,2017-072A,2017
2012-008J,2012,,,2017-072B,2017
2012-008K,2012,,,2017-074A,2017
2012-008L,2012,,,2017-074B,2017
2012-008M,2012,,,2017-074C,2017
2012-008N,2012,,,2017-075A,2017
2012-008P,2012,,,2017-075B,2017
2012-008Q,2012,,,2017-075C,2017
2012-008R,2012,,,2017-077A,2017
2012-008S,2012,,,2017-084A,2017
2012-008T,2012,,,2017-085A,2017
2012-008U,2012,,,2017-085B,2017
2012-008V,2012,,,2017-085C,2017
2012-008W,2012,,,2018-002A,2018
2012-008X,2012,,,2018-002B,2018
2012-008Y,2012,,,2018-003A,2018
2012-008Z,2012,,,2018-003B,2018
2012-056D,2012,,,2018-006A,2018
2012-066E,2012,,,2018-008A,2018
2012-066F,2012,,,2018-008D,2018
2013-037E,2013,,,2018-008E,2018
2013-037J,2013,,,2018-008F,2018
2013-046E,2013,,,2018-011A,2018
2013-046F,2013,,,2018-011B,2018
2014-047E,2014,,,2018-011C,2018
2014-047F,2014,,,2018-011D,2018
2014-080E,2014,,,2018-015C,2018
2014-080F,2014,,,2018-018A,2018
2018-031C,2018,,,2018-018B,2018
2018-031G,2018,,,2018-025A,2018
2018-034F,2018,,,2018-029A,2018
2018-034G,2018,,,2018-029B,2018
2018-056F,2018,,,2018-031A,2018
2018-077C,2018,,,2018-031B,2018
2019-024B,2019,,,2018-031D,2018
2020-067C,2020,,,2018-034A,2018
2021-007C,2021,,,2018-034B,2018
2021-007D,2021,,,2018-034C,2018
2021-074D,2021,,,2018-034E,2018
2021-099C,2021,,,2018-040A,2018
2021-101E,2021,,,2018-040B,2018
2021-122C,2021,,,2018-040C,2018
2021-129D,2021,,,2018-040D,2018
2022-043B,2022,,,2018-040E,2018
2022-043E,2022,,,2018-041A,2018
2022-068E,2022,,,2018-043A,2018
2022-082B,2022,,,2018-048A,2018
2022-088D,2022,,,2018-048B,2018
2022-100D,2022,,,2018-050A,2018
2022-109C,2022,,,2018-054A,2018
,,,,2018-054B,2018
,,,,2018-057A,2018
,,,,2018-062A,2018
,,,,2018-062B,2018
,,,,2018-063A,2018
,,,,2018-067A,2018
,,,,2018-067B,2018
,,,,2018-068A,2018
,,,,2018-072A,2018
,,,,2018-072B,2018
,,,,2018-075A,2018
,,,,2018-077A,2018
,,,,2018-077B,2018
,,,,2018-078A,2018
,,,,2018-078B,2018
,,,,2018-081A,2018
,,,,2018-083A,2018
,,,,2018-083B,2018
,,,,2018-083C,2018
,,,,2018-083D,2018
,,,,2018-083G,2018
,,,,2018-083H,2018
,,,,2018-085A,2018
,,,,2018-093A,2018
,,,,2018-093B,2018
,,,,2018-094A,2018
,,,,2018-094B,2018
,,,,2018-094C,2018
,,,,2018-094D,2018
,,,,2018-094E,2018
,,,,2018-108A,2018
,,,,2018-110A,2018
,,,,2018-110C,2018
,,,,2018-112A,2018
,,,,2018-112B,2018
,,,,2018-112C,2018
,,,,2018-112D,2018
,,,,2018-112E,2018
,,,,2018-112F,2018
,,,,2018-112G,2018
,,,,2019-001A,2019
,,,,2019-005B,2019
,,,,2019-005C,2019
,,,,2019-005E,2019
,,,,2019-012A,2019
,,,,2019-017A,2019
,,,,2019-023A,2019
,,,,2019-024A,2019
,,,,2019-024C,2019
,,,,2019-027A,2019
,,,,2019-032A,2019
,,,,2019-032B,2019
,,,,2019-032C,2019
,,,,2019-032E,2019
,,,,2019-032F,2019
,,,,2019-032G,2019
,,,,2019-035A,2019
,,,,2019-045A,2019
,,,,2019-045B,2019
,,,,2019-045C,2019
,,,,2019-052A,2019
,,,,2019-052B,2019
,,,,2019-052C,2019
,,,,2019-053A,2019
,,,,2019-058A,2019
,,,,2019-058B,2019
,,,,2019-059A,2019
,,,,2019-059B,2019
,,,,2019-059C,2019
,,,,2019-060A,2019
,,,,2019-060C,2019
,,,,2019-060D,2019
,,,,2019-060E,2019
,,,,2019-060F,2019
,,,,2019-061A,2019
,,,,2019-061B,2019
,,,,2019-063A,2019
,,,,2019-066A,2019
,,,,2019-070A,2019
,,,,2019-072A,2019
,,,,2019-072C,2019
,,,,2019-072D,2019
,,,,2019-073A,2019
,,,,2019-075A,2019
,,,,2019-076A,2019
,,,,2019-076B,2019
,,,,2019-076C,2019
,,,,2019-076D,2019
,,,,2019-076E,2019
,,,,2019-078A,2019
,,,,2019-078B,2019
,,,,2019-082A,2019
,,,,2019-086A,2019
,,,,2019-087A,2019
,,,,2019-087B,2019
,,,,2019-087C,2019
,,,,2019-087D,2019
,,,,2019-087E,2019
,,,,2019-087F,2019
,,,,2019-090A,2019
,,,,2019-090B,2019
,,,,2019-097A,2019
,,,,2020-002A,2020
,,,,2020-003A,2020
,,,,2020-003D,2020
,,,,2020-004A,2020
,,,,2020-014A,2020
,,,,2020-014B,2020
,,,,2020-014C,2020
,,,,2020-014E,2020
,,,,2020-017A,2020
,,,,2020-021A,2020
,,,,2020-021B,2020
,,,,2020-021C,2020
,,,,2020-028A,2020
,,,,2020-028B,2020
,,,,2020-032A,2020
,,,,2020-032B,2020
,,,,2020-034A,2020
,,,,2020-034B,2020
,,,,2020-036A,2020
,,,,2020-039A,2020
,,,,2020-039C,2020
,,,,2020-040A,2020
,,,,2020-042A,2020
,,,,2020-042B,2020
,,,,2020-043A,2020
,,,,2020-045A,2020
,,,,2020-051A,2020
,,,,2020-051B,2020
,,,,2020-051C,2020
,,,,2020-054A,2020
,,,,2020-054B,2020
,,,,2020-058A,2020
,,,,2020-058B,2020
,,,,2020-058C,2020
,,,,2020-064A,2020
,,,,2020-065A,2020
,,,,2020-065B,2020
,,,,2020-065C,2020
,,,,2020-065D,2020
,,,,2020-065E,2020
,,,,2020-065F,2020
,,,,2020-065G,2020
,,,,2020-065H,2020
,,,,2020-065J,2020
,,,,2020-066A,2020
,,,,2020-067A,2020
,,,,2020-067B,2020
,,,,2020-071A,2020
,,,,2020-076A,2020
,,,,2020-076B,2020
,,,,2020-076C,2020
,,,,2020-076D,2020
,,,,2020-079H,2020
,,,,2020-079L,2020
,,,,2020-079M,2020
,,,,2020-079N,2020
,,,,2020-080A,2020
,,,,2020-082A,2020
,,,,2020-092A,2020
,,,,2020-094A,2020
,,,,2020-094B,2020
,,,,2020-102A,2020
,,,,2020-102B,2020
,,,,2020-102C,2020
,,,,2020-102D,2020
,,,,2020-102E,2020
,,,,2020-103A,2020
,,,,2020-103B,2020
,,,,2021-003A,2021
,,,,2021-007A,2021
,,,,2021-007B,2021
,,,,2021-007E,2021
,,,,2021-010A,2021
,,,,2021-014A,2021
,,,,2021-014B,2021
,,,,2021-014C,2021
,,,,2021-014D,2021
,,,,2021-014E,2021
,,,,2021-019A,2021
,,,,2021-020A,2021
,,,,2021-020B,2021
,,,,2021-020C,2021
,,,,2021-020D,2021
,,,,2021-020F,2021
,,,,2021-026A,2021
,,,,2021-028A,2021
,,,,2021-033A,2021
,,,,2021-033B,2021
,,,,2021-033C,2021
,,,,2021-033D,2021
,,,,2021-033E,2021
,,,,2021-033F,2021
,,,,2021-033G,2021
,,,,2021-033H,2021
,,,,2021-033J,2021
,,,,2021-033K,2021
,,,,2021-035A,2021
,,,,2021-037A,2021
,,,,2021-039A,2021
,,,,2021-039B,2021
,,,,2021-039C,2021
,,,,2021-039D,2021
,,,,2021-043A,2021
,,,,2021-047A,2021
,,,,2021-050A,2021
,,,,2021-050B,2021
,,,,2021-050C,2021
,,,,2021-050D,2021
,,,,2021-053C,2021
,,,,2021-055A,2021
,,,,2021-055B,2021
,,,,2021-055D,2021
,,,,2021-055E,2021
,,,,2021-061A,2021
,,,,2021-061B,2021
,,,,2021-061C,2021
,,,,2021-061D,2021
,,,,2021-061E,2021
,,,,2021-062A,2021
,,,,2021-064A,2021
,,,,2021-064B,2021
,,,,2021-064C,2021
,,,,2021-064D,2021
,,,,2021-064E,2021
,,,,2021-065A,2021
,,,,2021-065B,2021
,,,,2021-065C,2021
,,,,2021-065D,2021
,,,,2021-067A,2021
,,,,2021-071A,2021
,,,,2021-074A,2021
,,,,2021-074B,2021
,,,,2021-076A,2021
,,,,2021-076B,2021
,,,,2021-076C,2021
,,,,2021-077A,2021
,,,,2021-079A,2021
,,,,2021-080A,2021
,,,,2021-086A,2021
,,,,2021-087A,2021
,,,,2021-091B,2021
,,,,2021-091C,2021
,,,,2021-091D,2021
,,,,2021-091E,2021
,,,,2021-091F,2021
,,,,2021-091G,2021
,,,,2021-091H,2021
,,,,2021-091J,2021
,,,,2021-091K,2021
,,,,2021-092C,2021
,,,,2021-094A,2021
,,,,2021-094C,2021
,,,,2021-097A,2021
,,,,2021-099A,2021
,,,,2021-099B,2021
,,,,2021-100A,2021
,,,,2021-101A,2021
,,,,2021-101B,2021
,,,,2021-101D,2021
,,,,2021-107A,2021
,,,,2021-109A,2021
,,,,2021-112A,2021
,,,,2021-114A,2021
,,,,2021-117A,2021
,,,,2021-117B,2021
,,,,2021-117C,2021
,,,,2021-117D,2021
,,,,2021-117E,2021
,,,,2021-122A,2021
,,,,2021-122B,2021
,,,,2021-124A,2021
,,,,2021-129A,2021
,,,,2021-129B,2021
,,,,2021-131A,2021
,,,,2021-134A,2021
,,,,2021-134B,2021
,,,,2021-135A,2021
,,,,2022-004A,2022
,,,,2022-007A,2022
,,,,2022-018A,2022
,,,,2022-019A,2022
,,,,2022-019B,2022
,,,,2022-019C,2022
,,,,2022-019D,2022
,,,,2022-019E,2022
,,,,2022-019F,2022
,,,,2022-019G,2022
,,,,2022-019H,2022
,,,,2022-019J,2022
,,,,2022-019K,2022
,,,,2022-019L,2022
,,,,2022-019M,2022
,,,,2022-019N,2022
,,,,2022-019P,2022
,,,,2022-019Q,2022
,,,,2022-019R,2022
,,,,2022-019S,2022
,,,,2022-019T,2022
,,,,2022-019U,2022
,,,,2022-019V,2022
,,,,2022-019W,2022
,,,,2022-019X,2022
,,,,2022-019Y,2022
,,,,2022-023A,2022
,,,,2022-023B,2022
,,,,2022-023C,2022
,,,,2022-023D,2022
,,,,2022-023E,2022
,,,,2022-023F,2022
,,,,2022-023G,2022
,,,,2022-023H,2022
,,,,2022-027A,2022
,,,,2022-031A,2022
,,,,2022-031B,2022
,,,,2022-032A,2022
,,,,2022-032C,2022
,,,,2022-032D,2022
,,,,2022-035A,2022
,,,,2022-038A,2022
,,,,2022-039A,2022
,,,,2022-043A,2022
,,,,2022-043C,2022
,,,,2022-046A,2022
,,,,2022-046B,2022
,,,,2022-046C,2022
,,,,2022-046D,2022
,,,,2022-046E,2022
,,,,2022-048A,2022
,,,,2022-048B,2022
,,,,2022-048C,2022
,,,,2022-048D,2022
,,,,2022-048E,2022
,,,,2022-048F,2022
,,,,2022-048G,2022
,,,,2022-048H,2022
,,,,2022-056A,2022
,,,,2022-056B,2022
,,,,2022-056C,2022
,,,,2022-058A,2022
,,,,2022-058B,2022
,,,,2022-058C,2022
,,,,2022-058D,2022
,,,,2022-058E,2022
,,,,2022-058F,2022
,,,,2022-058G,2022
,,,,2022-058H,2022
,,,,2022-058J,2022
,,,,2022-060A,2022
,,,,2022-066A,2022
,,,,2022-068A,2022
,,,,2022-068B,2022
,,,,2022-068C,2022
,,,,2022-069A,2022
,,,,2022-078A,2022
,,,,2022-082A,2022
,,,,2022-082C,2022
,,,,2022-085A,2022
,,,,2022-087A,2022
,,,,2022-087B,2022
,,,,2022-087C,2022
,,,,2022-087D,2022
,,,,2022-087E,2022
,,,,2022-088A,2022
,,,,2022-088C,2022
,,,,2022-088E,2022
,,,,2022-090A,2022
,,,,2022-090B,2022
,,,,2022-090C,2022
,,,,2022-093A,2022
,,,,2022-095A,2022
,,,,2022-095B,2022
,,,,2022-095C,2022
,,,,2022-095D,2022
,,,,2022-098A,2022
,,,,2022-098B,2022
,,,,2022-098C,2022
,,,,2022-098D,2022
,,,,2022-098E,2022
,,,,2022-098F,2022
,,,,2022-098G,2022
,,,,2022-098H,2022
,,,,2022-098J,2022
,,,,2022-098K,2022
,,,,2022-098L,2022
,,,,2022-098M,2022
,,,,2022-098N,2022
,,,,2022-098P,2022
,,,,2022-098Q,2022
,,,,2022-098R,2022
,,,,2022-100A,2022
,,,,2022-100C,2022
,,,,2022-100E,2022
,,,,2022-102A,2022
,,,,2022-102B,2022
,,,,2022-103A,2022
,,,,2022-106A,2022
,,,,2022-108A,2022
,,,,2022-108B,2022
,,,,2022-109A,2022
,,,,2022-109B,2022
,,,,2022-109D,2022
,,,,2022-115A,2022