1997,2013,1997,1997,1997,1997
1997,2011,1997,1997,1997,1997
1997,2015,1997,1997,1997,2017
1997,2013,1997,2002,1997,1997
1997,2010,1997,1998,1997,1997
1997,2009,1997,1998,1997,1997
1997,2014,1997,1998,1997,1997
1997,2020,1997,2000,1997,1997
1997,2013,1997,1998,1997,1997
1997,1998,1997,1997,1997,2017
1998,2000,1997,1997,1997,2017
1998,1999,1997,1997,1997,2018
1998,1998,1997,1998,1997,2003
1998,1998,1997,1998,1997,2018
1998,2003,1997,1999,1997,2018
1998,1998,1997,2002,1997,2018
1998,1998,1997,1998,1997,2018
1998,2018,1997,2000,1997,1997
1998,2021,1997,2000,1997,1997
1999,2000,1997,1998,1997,2018
1999,1999,1997,1998,1997,2019
1999,2014,1997,1998,1997,2018
1999,2014,1998,1998,1997,1997
1999,2014,1998,1999,1997,2019
1999,2014,1998,1998,1997,2002
1999,2001,1998,2000,1997,2017
1999,2000,1998,2003,1997,2018
2000,2019,1998,2007,1997,2018
2001,2001,1998,1998,1997,2018
2002,2020,1998,2000,1997,2018
2002,2019,1998,1999,1997,2018
2002,2002,1998,2009,1997,2001
2002,2003,1998,1999,1997,2018
2003,2013,1998,2000,1997,2018
2003,2003,1998,1999,1997,2018
2005,2005,1998,1998,1997,2015
2006,2008,1998,1999,1997,2018
2006,2008,1998,1999,1997,2001
2006,2008,1998,2000,1997,2018
2006,2008,1998,1998,1997,2001
2006,2006,1999,1999,1997,2000
2006,2009,1999,1999,1998,1998
2006,2007,1999,1999,1998,1998
2006,2007,1999,1999,1998,1998
2006,2007,1999,2007,1998,1998
2006,2008,1999,1999,1998,1999
2006,2008,1999,2001,1998,1998
2006,2008,1999,1999,1998,2018
2006,2008,1999,1999,1998,2018
2006,2008,1999,2000,1998,2019
2006,2008,1999,2001,1998,2018
2006,2008,1999,1999,1998,2018
2006,2008,1999,1999,1998,2003
2006,2008,1999,2003,1998,2000
2006,2008,1999,2002,1998,2019
2006,2008,1999,1999,1998,2019
2006,2008,1999,1999,1998,2019
2006,2008,1999,1999,1998,2019
2006,2008,1999,1999,1998,2019
2006,2008,1999,2011,1998,2018
2006,2008,1999,2002,1998,2019
2007,2012,1999,2002,1998,2018
2008,2008,1999,2000,1998,2018
2009,2010,2000,2000,1998,2018
2009,2009,2000,2000,1998,2018
2009,2010,2000,2013,1998,2018
2009,2014,2000,2000,1998,2018
2011,2011,2000,2000,1998,2017
2012,2012,2000,2011,1998,2018
2012,2012,2000,2013,1998,2018
2012,2012,2000,2000,1998,2018
2012,2012,2000,2000,1998,2018
2012,2012,2000,2003,1998,2018
2013,2013,2000,2014,1998,2000
2013,2013,2000,2009,1998,2017
2013,2013,2000,2004,1998,1998
2013,2013,2000,2001,1998,2018
2013,2013,2000,2005,1998,2000
2013,2013,2001,2001,1998,2018
2013,2013,2001,2002,1998,2018
2013,2013,2001,2001,1998,2014
2014,2014,2001,2004,1998,2014
2014,2014,2001,2001,1998,2014
2014,2014,2001,2001,1998,2014
2014,2014,2001,2001,1998,2015
2014,2014,2001,2002,1998,2015
2014,2014,2001,2001,1998,2015
2014,2014,2001,2002,1998,2015
2014,2014,2001,2001,1998,2015
2014,2014,2001,2001,1998,2017
2014,2014,2001,2002,1998,2015
2014,2014,2002,2002,1998,2015
2014,2014,2002,2002,1998,2015
2014,2014,2002,2002,1998,2015
2014,2014,2002,2002,1998,2015
2014,2014,2002,2003,1998,2015
2014,2014,2002,2003,1998,2016
2014,2014,2002,2018,1998,2016
2015,2015,2003,2003,1998,2018
2015,2015,2003,2003,1998,2017
2015,2015,2003,2005,1998,2017
2015,2015,2003,2003,1998,2018
2015,2015,2003,2016,1998,2018
2016,2016,2003,2004,1998,2018
2016,2016,2003,2004,1998,2017
2016,2016,2003,2004,1998,2018
2016,2016,2003,2004,1998,2019
2017,2017,2003,2004,1998,2018
2017,2017,2003,2004,1998,2021
2017,2017,2003,2011,1998,2022
2017,2017,2004,2004,1998,2020
2017,2017,2004,2011,1998,2021
2017,2017,2004,2004,1998,2018
2017,2017,2004,2007,1998,2020
2017,2017,2004,2004,1998,2021
2017,2017,2004,2014,1998,2020
2017,2017,2004,2004,1998,2021
2018,2018,2004,2010,1998,2020
2018,2018,2004,2004,1998,2020
2018,2018,2004,2005,1998,2022
2018,2022,2004,2005,1998,2022
2018,2018,2004,2018,1998,2022
2018,2018,2004,2004,1998,2021
2018,2018,2005,2005,1998,2021
2019,2019,2005,2014,1998,2022
2019,2021,2005,2012,1998,2022
2019,2019,2005,2005,1998,2022
2019,2019,2005,2005,1998,2022
2019,2019,2005,2006,1998,1999
2019,2019,2006,2018,1998,2018
2019,2020,2006,2006,1998,2018
2019,2020,2006,2013,1999,1999
2019,2020,2006,2006,1999,1999
2019,2020,2006,2007,1999,2006
2019,2019,2006,2011,1999,2011
2019,2019,2006,2007,1999,1999
2020,2020,2006,2011,1999,2000
2020,2020,2007,2007,1999,2019
2020,2020,2007,2014,1999,2018
2020,2020,2007,2007,2000,2000
2020,2020,2007,2007,2000,2000
2020,2020,2007,2010,2000,2000
2020,2020,2007,2007,2000,2000
2020,2020,2007,2009,2000,2001
2020,2020,2007,2008,2000,2022
2020,2020,2007,2020,2000,2002
2020,2020,2007,2008,2000,2019
2020,2020,2007,2008,2000,2000
2020,2020,2007,2010,2000,2000
2020,2020,2007,2008,2000,2006
2020,2020,2008,2019,2001,2001
2020,2020,2008,2008,2001,2001
2020,2020,2008,2009,2001,2004
2020,2020,2008,2022,2001,2001
2020,2020,2008,2008,2001,2001
2020,2020,2008,2008,2001,2001
2020,2020,2008,2008,2001,2001
2020,2020,2008,2008,2001,2002
2020,2020,2009,2009,2001,2003
2020,2020,2009,2009,2001,2015
2020,2020,2009,2015,2001,2002
2020,2020,2009,2009,2002,2002
2020,2020,2009,2012,2002,2002
2020,2020,2009,2009,2002,2002
2020,2020,2009,2010,2002,2019
2020,2020,2010,2010,2002,2019
2020,2020,2011,2011,2002,2018
2020,2020,2011,2011,2002,2019
2020,2020,2011,2012,2002,2020
2020,2022,2011,2013,2002,2018
2020,2022,2011,2011,2002,2017
2020,2022,2012,2012,2002,2002
2020,2022,2012,2012,2002,2019
2020,2022,2012,2012,2002,2018
2020,2020,2012,2012,2003,2004
2020,2020,2013,2013,2003,2010
2020,2020,2013,2014,2003,2003
2020,2020,2013,2013,2003,2011
2020,2020,2013,2017,2003,2004
2020,2020,2013,2013,2004,2015
2020,2020,2013,2015,2005,2013
2020,2020,2013,2013,2005,2016
2020,2020,2013,2015,2005,2005
2020,2020,2013,2014,2005,2006
2020,2020,2014,2014,2006,2008
2020,2020,2014,2014,2006,2006
2020,2020,2014,2014,2006,2006
2020,2020,2014,2014,2006,2006
2020,2020,2014,2014,2006,2007
2020,2020,2015,2015,2006,2008
2020,2020,2015,2017,2006,2011
2020,2022,2015,2015,2007,2008
2020,2020,2015,2019,2007,2013
2020,2020,2016,2016,2007,2015
2020,2021,2016,2016,2007,2007
2021,2022,2016,2019,2007,2007
2021,2021,2016,2016,2007,2007
2021,2021,2016,2016,2008,2008
2021,2021,2016,2017,2008,2008
2021,2021,2017,2019,2008,2015
2021,2021,2017,2022,2008,2008
2021,2021,2017,2017,2008,2008
2021,2021,2017,2022,2008,2010
2021,2021,2017,2017,2009,2009
2021,2021,2017,2018,2009,2009
2021,2021,2017,2017,2009,2009
2021,2021,2018,2018,2009,2009
2021,2021,2018,2019,2009,2012
2021,2021,2018,2020,2009,2009
2021,2021,2018,2018,2009,2010
2021,2021,2018,2019,2009,2010
2021,2021,2018,2020,2009,2009
2021,2021,2018,2018,2010,2010
2021,2021,2018,2019,2010,2010
2021,2021,2018,2018,2010,2010
2021,2021,2018,2019,2010,2010
2021,2021,2019,2021,2010,2010
2021,2021,2019,2021,2011,2012
2021,2021,2019,2019,2011,2012
2021,2021,2019,2021,2011,2011
2021,2021,2019,2019,2011,2011
2021,2021,2019,2019,2011,2018
2021,2021,2019,2022,2011,2011
2021,2021,2019,2020,2011,2011
2021,2022,2019,2020,2012,2012
2021,2021,2019,2019,2012,2012
2021,2021,2019,2020,2013,2014
2021,2021,2019,2019,2013,2013
2021,2021,2020,2020,2013,2013
2021,2021,2020,2020,2013,2013
2021,2021,2020,2020,2013,2013
2021,2021,2020,2020,2013,2013
2021,2021,2020,2020,2013,2015
2021,2021,2020,2020,2013,2015
2021,2021,2020,2020,2013,2015
2021,2021,2020,2020,2013,2015
2021,2021,2020,2020,2013,2015
2021,2021,2020,2020,2013,2015
2021,2021,2020,2020,2013,2015
2021,2021,2020,2020,2013,2015
2021,2021,2021,2021,2013,2015
2021,2021,2021,2021,2013,2015
2021,2021,2021,2021,2014,2014
2021,2021,2021,2022,2014,2014
2021,2021,2021,2021,2014,2014
2021,2022,2021,2021,2014,2014
2021,2022,2021,2021,2014,2014
2021,2021,2021,2021,2014,2014
2021,2021,2021,2021,2015,2015
2021,2021,2021,2021,2015,2015
2021,2022,2021,2021,2015,2016
2021,2022,2021,2022,2016,2016
2021,2022,2022,2022,2016,2017
2021,2022,2022,2022,2016,2017
2022,2022,2022,2022,2016,2017
2022,2022,2022,2022,2016,2016
2022,2022,2022,2022,2016,2016
2022,2022,2022,2022,2016,2016
2022,2022,2022,2022,2016,2021
2022,2022,2022,2022,2017,2017
2022,2022,,,2017,2017
2022,2022,,,2017,2017
2022,2022,,,2017,2022
2022,2022,,,2017,2017
2022,2022,,,2017,2017
2022,2022,,,2017,2018
2022,2022,,,2018,2020
2022,2022,,,2018,2020
2022,2022,,,2018,2018
2022,2022,,,2018,2018
2022,2022,,,2018,2018
2022,2022,,,2018,2022
2022,2022,,,2018,2022
2022,2022,,,2018,2019
2022,2022,,,2018,2019
2022,2022,,,2019,2019
2022,2022,,,2019,2021
2022,2022,,,2019,2019
2022,2022,,,2019,2019
2022,2022,,,2019,2020
2022,2022,,,2019,2020
2022,2022,,,2019,2020
2022,2022,,,2019,2020
2022,2022,,,2019,2020
2022,2022,,,2019,2020
2022,2022,,,2019,2020
2022,2022,,,2019,2020
2022,2022,,,2019,2020
2022,2022,,,2019,2020
2022,2022,,,2019,2021
2022,2022,,,2019,2020
2022,2022,,,2019,2020
2022,2022,,,2019,2020
2022,2022,,,2019,2020
2022,2022,,,2019,2020
2022,2022,,,2019,2020
2022,2022,,,2019,2021
2022,2022,,,2019,2020
2022,2022,,,2019,2020
2022,2022,,,2019,2020
2022,2022,,,2019,2021
2022,2022,,,2019,2020
2022,2022,,,2019,2021
2022,2022,,,2019,2022
2022,2022,,,2019,2020
2022,2022,,,2019,2020
2022,2022,,,2019,2020
2022,2022,,,2019,2020
2022,2022,,,2019,2021
2022,2022,,,2019,2021
2022,2022,,,2019,2020
2022,2022,,,2019,2021
2022,2022,,,2019,2020
2022,2022,,,2019,2020
2022,2022,,,2019,2020
2022,2022,,,2019,2020
2022,2022,,,2019,2020
2022,2022,,,2019,2020
2022,2022,,,2019,2020
2022,2022,,,2019,2021
2022,2022,,,2019,2020
2022,2022,,,2019,2020
2022,2022,,,2019,2020
2022,2022,,,2019,2020
2022,2022,,,2019,2020
2022,2022,,,2019,2020
2022,2022,,,2019,2020
2022,2022,,,2019,2020
2022,2022,,,2019,2022
2022,2022,,,2019,2020
2022,2022,,,2019,2020
2022,2022,,,2019,2020
2022,2022,,,2019,2020
2022,2022,,,2019,2020
2022,2022,,,2019,2020
2022,2022,,,2019,2022
2022,2022,,,2019,2020
2022,2022,,,2019,2022
2022,2022,,,2019,2020
2022,2022,,,2019,2021
2022,2022,,,2019,2021
2022,2022,,,2019,2019
2022,2022,,,2019,2020
2022,2022,,,2019,2021
2022,2022,,,2019,2022
2022,2022,,,2019,2022
2022,2022,,,2019,2020
2022,2022,,,2019,2021
2022,2022,,,2019,2021
2022,2022,,,2019,2022
2022,2022,,,2019,2021
2022,2022,,,2019,2022
2022,2022,,,2019,2021
2022,2022,,,2019,2021
2022,2022,,,2019,2020
2022,2022,,,2019,2019
2022,2022,,,2020,2022
2022,2022,,,2020,2020
2022,2022,,,2020,2021
,,,,2020,2020
,,,,2020,2021
,,,,2020,2020
,,,,2020,2021
,,,,2020,2021
,,,,2020,2021
,,,,2020,2021
,,,,2020,2021
,,,,2020,2021
,,,,2020,2021
,,,,2020,2022
,,,,2020,2021
,,,,2020,2021
,,,,2020,2020
,,,,2020,2020
,,,,2020,2021
,,,,2020,2020
,,,,2020,2022
,,,,2020,2020
,,,,2020,2021
,,,,2020,2021
,,,,2020,2021
,,,,2020,2022
,,,,2020,2021
,,,,2020,2020
,,,,2020,2020
,,,,2020,2022
,,,,2020,2020
,,,,2020,2022
,,,,2020,2022
,,,,2020,2022
,,,,2020,2022
,,,,2020,2022
,,,,2020,2020
,,,,2020,2020
,,,,2020,2022
,,,,2020,2021
,,,,2020,2022
,,,,2020,2021
,,,,2020,2022
,,,,2020,2021
,,,,2020,2021
,,,,2020,2021
,,,,2020,2022
,,,,2020,2021
,,,,2020,2022
,,,,2020,2022
,,,,2020,2022
,,,,2020,2021
,,,,2020,2021
,,,,2020,2021
,,,,2020,2021
,,,,2020,2021
,,,,2020,2021
,,,,2020,2021
,,,,2020,2022
,,,,2020,2021
,,,,2020,2021
,,,,2020,2021
,,,,2020,2021
,,,,2020,2022
,,,,2020,2022
,,,,2020,2021
,,,,2020,2022
,,,,2020,2022
,,,,2020,2022
,,,,2020,2021
,,,,2020,2021
,,,,2020,2021
,,,,2020,2020
,,,,2020,2021
,,,,2020,2021
,,,,2020,2022
,,,,2020,2022
,,,,2020,2021
,,,,2020,2021
,,,,2020,2022
,,,,2020,2021
,,,,2020,2021
,,,,2020,2020
,,,,2020,2021
,,,,2020,2022
,,,,2020,2021
,,,,2020,2022
,,,,2020,2021
,,,,2020,2021
,,,,2020,2022
,,,,2020,2021
,,,,2020,2020
,,,,2020,2021
,,,,2020,2022
,,,,2020,2020
,,,,2020,2021
,,,,2020,2021
,,,,2020,2021
,,,,2020,2021
,,,,2020,2022
,,,,2020,2022
,,,,2020,2022
,,,,2020,2021
,,,,2020,2022
,,,,2020,2021
,,,,2020,2021
,,,,2020,2022
,,,,2020,2021
,,,,2020,2021
,,,,2020,2021
,,,,2020,2021
,,,,2020,2022
,,,,2020,2021
,,,,2020,2022
,,,,2020,2021
,,,,2020,2022
,,,,2020,2021
,,,,2021,2022
,,,,2021,2022
,,,,2021,2021
,,,,2021,2022
,,,,2021,2021
,,,,2021,2022
,,,,2021,2022
,,,,2021,2022
,,,,2021,2021
,,,,2021,2021
,,,,2021,2021
,,,,2021,2021
,,,,2021,2021
,,,,2021,2022
,,,,2021,2022
,,,,2021,2022
,,,,2021,2022
,,,,2021,2021
,,,,2021,2022
,,,,2021,2021
,,,,2021,2022
,,,,2021,2022
,,,,2021,2022
,,,,2021,2022
,,,,2021,2021
,,,,2021,2021
,,,,2021,2022
,,,,2021,2021
,,,,2021,2021
,,,,2021,2022
,,,,2021,2022
,,,,2021,2022
,,,,2021,2022
,,,,2021,2022
,,,,2021,2022
,,,,2021,2022
,,,,2021,2022
,,,,2021,2022
,,,,2021,2021
,,,,2021,2022
,,,,2021,2021
,,,,2021,2021
,,,,2021,2021
,,,,2021,2022
,,,,2021,2021
,,,,2021,2022
,,,,2021,2022
,,,,2021,2021
,,,,2021,2021
,,,,2021,2021
,,,,2021,2021
,,,,2021,2022
,,,,2021,2021
,,,,2021,2021
,,,,2021,2022
,,,,2021,2022
,,,,2022,2022
,,,,2022,2022
,,,,2022,2022
,,,,2022,2022
,,,,2022,2022
,,,,2022,2022
,,,,2022,2022
,,,,2022,2022
,,,,2022,2022
,,,,2022,2022
,,,,2022,2022
,,,,2022,2022
,,,,2022,2022
,,,,2022,2022
,,,,2022,2022
,,,,2022,2022
,,,,2022,2022
,,,,2022,2022
,,,,2022,2022
,,,,2022,2022
,,,,2022,2022
,,,,2022,2022
,,,,2022,2022