1997-012D,1997,1997-008C,1997,1997-008C,1997
1997-051AF,1997,1997-020F,1997,1997-011A,1997
1997-051AL,1997,1997-025B,1997,1997-012A,1997
1997-051AS,1997,1997-025C,1997,1997-012D,1997
1997-051AT,1997,1997-047B,1997,1997-019A,1997
1997-051AU,1997,1997-050B,1997,1997-020B,1997
1997-051BF,1997,1997-065C,1997,1997-020D,1997
1997-051CC,1997,1998-002B,1998,1997-020E,1997
1997-051CE,1997,1998-002C,1998,1997-020F,1997
1997-051CX,1997,1998-005B,1998,1997-025B,1997
1997-051L,1997,1998-007D,1998,1997-025C,1997
1997-051N,1997,1998-020B,1998,1997-026A,1997
1997-051P,1997,1998-035B,1998,1997-030A,1997
1997-051Q,1997,1998-035C,1998,1997-030F,1997
1997-051T,1997,1998-053K,1998,1997-030G,1997
1998-002E,1998,1998-055B,1998,1997-034B,1997
1998-007E,1998,1998-058B,1998,1997-034C,1997
1999-017E,1999,1998-060B,1998,1997-034E,1997
1999-017H,1999,1998-061C,1998,1997-035A,1997
1999-067D,1999,1998-068C,1998,1997-037A,1997
1999-070D,1999,1998-071B,1998,1997-040A,1997
2000-017D,2000,1999-001B,1999,1997-043A,1997
2000-017E,2000,1999-003B,1999,1997-043E,1997
2000-017F,2000,1999-008D,1999,1997-046A,1997
2000-055E,2000,1999-017C,1999,1997-047A,1997
2000-055F,2000,1999-017D,1999,1997-047B,1997
2000-055H,2000,1999-023B,1999,1997-050B,1997
2000-075E,2000,1999-031E,1999,1997-051A,1997
2001-055D,2001,1999-040C,1999,1997-051AF,1997
2003-048E,2003,1999-040D,1999,1997-051AL,1997
2006-016D,2006,1999-041E,1999,1997-051AS,1997
2006-050BV,2006,1999-063B,1999,1997-051AT,1997
2009-057E,2009,1999-070C,1999,1997-051AU,1997
2013-055AC,2013,2000-001B,2000,1997-051BF,1997
2014-015E,2014,2000-004F,2000,1997-051C,1997
2014-055AB,2014,2000-007B,2000,1997-051CC,1997
2014-055AK,2014,2000-014B,2000,1997-051CE,1997
2014-055BD,2014,2000-017C,2000,1997-051CX,1997
2014-055BH,2014,2000-024C,2000,1997-051E,1997
2014-055BS,2014,2000-030B,2000,1997-051L,1997
2014-055BV,2014,2000-034B,2000,1997-051N,1997
2014-055BZ,2014,2000-047B,2000,1997-051P,1997
2014-055J,2014,2000-061B,2000,1997-051Q,1997
2014-055W,2014,2000-075D,2000,1997-051T,1997
2015-044C,2015,2000-080B,2000,1997-052B,1997
2017-050B,2017,2001-026B,2001,1997-056C,1997
2017-068G,2017,2001-033C,2001,1997-059A,1997
2018-079AG,2018,2002-004B,2002,1997-065A,1997
2018-079C,2018,2002-011B,2002,1997-065C,1997
2018-079CK,2018,2002-038B,2002,1997-067A,1997
2018-079CR,2018,2002-051B,2002,1997-069D,1997
2018-079DD,2018,2003-004B,2003,1997-069E,1997
2018-079DL,2018,2003-005C,2003,1997-077A,1997
2018-079DY,2018,2003-008B,2003,1997-077B,1997
2018-079E,2018,2003-008C,2003,1997-078A,1997
2018-079FD,2018,2003-012B,2003,1997-082A,1997
2018-079FE,2018,2003-017B,2003,1997-082B,1997
2018-079FF,2018,2003-033B,2003,1997-086A,1997
2018-079GF,2018,2003-036B,2003,1998-002B,1998
2018-079HA,2018,2003-038B,2003,1998-002C,1998
2018-079T,2018,2003-040B,2003,1998-002E,1998
2019-009E,2019,2003-057B,2003,1998-005B,1998
2019-029BN,2019,2004-003B,2004,1998-007A,1998
2019-029BP,2019,2004-004C,2004,1998-007D,1998
2019-029BQ,2019,2004-018B,2004,1998-007E,1998
2019-029BR,2019,2004-034B,2004,1998-016A,1998
2021-041BG,2021,2004-048B,2004,1998-018A,1998
2021-041BH,2021,2004-050B,2004,1998-019B,1998
2021-041BJ,2021,2005-011B,2005,1998-020A,1998
2021-041BK,2021,2005-016B,2005,1998-020B,1998
2021-041BL,2021,2005-029B,2005,1998-021B,1998
2021-115BC,2021,2005-038C,2005,1998-026A,1998
2021-115BD,2021,2006-008D,2006,1998-026B,1998
2021-115BE,2021,2006-012B,2006,1998-028A,1998
2021-115BF,2021,2006-018B,2006,1998-030A,1998
2021-115BG,2021,2006-027B,2006,1998-032C,1998
2021-118D,2021,2007-004G,2007,1998-035B,1998
2022-099AY,2022,2007-015B,2007,1998-035C,1998
2022-099BB,2022,2007-060B,2007,1998-051A,1998
2022-105AY,2022,2008-017B,2008,1998-052A,1998
2022-105AZ,2022,2008-032B,2008,1998-053K,1998
2022-105BA,2022,2009-001B,2009,1998-055A,1998
2022-105BB,2022,2009-011C,2009,1998-055B,1998
2022-107BD,2022,2009-017B,2009,1998-055C,1998
2022-107BE,2022,2009-033B,2009,1998-058A,1998
2022-107BF,2022,2009-037B,2009,1998-058B,1998
2022-107BH,2022,2009-043C,2009,1998-060B,1998
2022-107BJ,2022,2009-047B,2009,1998-061B,1998
2022-111AM,2022,2009-064B,2009,1998-061C,1998
2022-111AN,2022,2009-068B,2009,1998-063A,1998
2022-111AP,2022,2009-071B,2009,1998-064B,1998
2022-111AQ,2022,2010-005B,2010,1998-065A,1998
2022-111AR,2022,2010-008B,2010,1998-066A,1998
,,2010-022B,2010,1998-067QY,1998
,,2010-039B,2010,1998-067RM,1998
,,2010-048B,2010,1998-067RN,1998
,,2010-066K,2010,1998-067UG,1998
,,2011-011B,2011,1998-068C,1998
,,2011-036B,2011,1998-071A,1998
,,2012-003B,2012,1998-071B,1998
,,2012-009B,2012,1998-075A,1998
,,2012-031B,2012,1999-001A,1999
,,2012-053B,2012,1999-001B,1999
,,2013-004B,2013,1999-003B,1999
,,2013-008B,2013,1999-005A,1999
,,2013-023B,2013,1999-008A,1999
,,2013-024B,2013,1999-008D,1999
,,2013-033B,2013,1999-017C,1999
,,2013-036B,2013,1999-017D,1999
,,2014-004B,2014,1999-017E,1999
,,2014-008B,2014,1999-017H,1999
,,2014-026B,2014,1999-020A,1999
,,2014-035B,2014,1999-023B,1999
,,2014-043D,2014,1999-024A,1999
,,2014-045B,2014,1999-026A,1999
,,2014-046B,2014,1999-026B,1999
,,2014-048B,2014,1999-031E,1999
,,2014-055B,2014,1999-034A,1999
,,2014-068B,2014,1999-035A,1999
,,2015-002B,2015,1999-040B,1999
,,2015-010C,2015,1999-040C,1999
,,2015-013B,2015,1999-040D,1999
,,2015-023B,2015,1999-041E,1999
,,2015-033B,2015,1999-050A,1999
,,2015-044B,2015,1999-051A,1999
,,2015-056B,2015,1999-055A,1999
,,2015-062B,2015,1999-056A,1999
,,2016-007B,2016,1999-059A,1999
,,2016-013B,2016,1999-063A,1999
,,2016-038C,2016,1999-063B,1999
,,2016-041B,2016,1999-067A,1999
,,2016-071B,2016,1999-067D,1999
,,2016-078J,2016,1999-068A,1999
,,2017-017B,2017,1999-070B,1999
,,2017-041B,2017,1999-070C,1999
,,2017-047B,2017,1999-070D,1999
,,2017-050E,2017,1999-071A,1999
,,2017-050G,2017,2000-001A,2000
,,2017-063B,2017,2000-001B,2000
,,2017-068H,2017,2000-002A,2000
,,2018-010B,2018,2000-004A,2000
,,2018-013B,2018,2000-004C,2000
,,2018-022B,2018,2000-004D,2000
,,2018-044B,2018,2000-004E,2000
,,2018-059B,2018,2000-004F,2000
,,2018-069B,2018,2000-007B,2000
,,2018-079B,2018,2000-014B,2000
,,2018-104C,2018,2000-016A,2000
,,2019-026C,2019,2000-017A,2000
,,2019-036G,2019,2000-017C,2000
,,2019-050B,2019,2000-017D,2000
,,2019-051C,2019,2000-017E,2000
,,2019-054B,2019,2000-017F,2000
,,2019-068B,2019,2000-020A,2000
,,2019-069B,2019,2000-022A,2000
,,2019-069C,2019,2000-024A,2000
,,2019-091B,2019,2000-024C,2000
,,2020-022C,2020,2000-025A,2000
,,2020-046E,2020,2000-030A,2000
,,2020-048B,2020,2000-030B,2000
,,2020-077M,2020,2000-034A,2000
,,2020-096B,2020,2000-034B,2000
,,2020-098B,2020,2000-035A,2000
,,2021-001B,2021,2000-038A,2000
,,2021-002H,2021,2000-040A,2000
,,2021-004B,2021,2000-043A,2000
,,2021-049B,2021,2000-047B,2000
,,2021-051B,2021,2000-051A,2000
,,2021-068C,2021,2000-055A,2000
,,2021-118C,2021,2000-055E,2000
,,2022-003H,2022,2000-055F,2000
,,2022-020B,2022,2000-055H,2000
,,2022-021B,2022,2000-061A,2000
,,2022-061B,2022,2000-061B,2000
,,2022-071B,2022,2000-065A,2000
,,2022-079B,2022,2000-071A,2000
,,2022-092B,2022,2000-072A,2000
,,2022-113C,2022,2000-075A,2000
,,,,2000-075D,2000
,,,,2000-075E,2000
,,,,2000-077A,2000
,,,,2000-080B,2000
,,,,2001-004A,2001
,,,,2001-009A,2001
,,,,2001-012A,2001
,,,,2001-018A,2001
,,,,2001-019A,2001
,,,,2001-026B,2001
,,,,2001-031A,2001
,,,,2001-033A,2001
,,,,2001-033C,2001
,,,,2001-043B,2001
,,,,2001-043C,2001
,,,,2001-043D,2001
,,,,2001-052A,2001
,,,,2001-055A,2001
,,,,2001-055B,2001
,,,,2001-055D,2001
,,,,2002-004A,2002
,,,,2002-004B,2002
,,,,2002-006A,2002
,,,,2002-011A,2002
,,,,2002-011B,2002
,,,,2002-022A,2002
,,,,2002-023A,2002
,,,,2002-030A,2002
,,,,2002-032A,2002
,,,,2002-034A,2002
,,,,2002-038B,2002
,,,,2002-039A,2002
,,,,2002-051B,2002
,,,,2002-055A,2002
,,,,2002-058E,2002
,,,,2003-001A,2003
,,,,2003-002B,2003
,,,,2003-004A,2003
,,,,2003-004B,2003
,,,,2003-005A,2003
,,,,2003-005B,2003
,,,,2003-005C,2003
,,,,2003-008A,2003
,,,,2003-008B,2003
,,,,2003-008C,2003
,,,,2003-010A,2003
,,,,2003-012A,2003
,,,,2003-012B,2003
,,,,2003-017A,2003
,,,,2003-017B,2003
,,,,2003-031F,2003
,,,,2003-033A,2003
,,,,2003-033B,2003
,,,,2003-034A,2003
,,,,2003-036B,2003
,,,,2003-038A,2003
,,,,2003-038B,2003
,,,,2003-040A,2003
,,,,2003-040B,2003
,,,,2003-044A,2003
,,,,2003-048A,2003
,,,,2003-048E,2003
,,,,2003-057A,2003
,,,,2003-057B,2003
,,,,2003-058A,2003
,,,,2004-003B,2004
,,,,2004-004C,2004
,,,,2004-009A,2004
,,,,2004-014A,2004
,,,,2004-016A,2004
,,,,2004-018B,2004
,,,,2004-023A,2004
,,,,2004-026A,2004
,,,,2004-034B,2004
,,,,2004-045A,2004
,,,,2004-047A,2004
,,,,2004-048B,2004
,,,,2004-050A,2004
,,,,2004-050B,2004
,,,,2005-001A,2005
,,,,2005-005A,2005
,,,,2005-008A,2005
,,,,2005-011B,2005
,,,,2005-015A,2005
,,,,2005-016B,2005
,,,,2005-018A,2005
,,,,2005-019A,2005
,,,,2005-029A,2005
,,,,2005-029B,2005
,,,,2005-030A,2005
,,,,2005-038A,2005
,,,,2005-038C,2005
,,,,2005-046B,2005
,,,,2006-003A,2006
,,,,2006-008A,2006
,,,,2006-008B,2006
,,,,2006-008C,2006
,,,,2006-008D,2006
,,,,2006-012B,2006
,,,,2006-016A,2006
,,,,2006-016D,2006
,,,,2006-018A,2006
,,,,2006-018B,2006
,,,,2006-023A,2006
,,,,2006-027B,2006
,,,,2006-029A,2006
,,,,2006-042A,2006
,,,,2006-043A,2006
,,,,2006-049A,2006
,,,,2006-050A,2006
,,,,2006-050BV,2006
,,,,2006-052A,2006
,,,,2006-054A,2006
,,,,2007-004A,2007
,,,,2007-004B,2007
,,,,2007-004C,2007
,,,,2007-004D,2007
,,,,2007-004E,2007
,,,,2007-004G,2007
,,,,2007-006B,2007
,,,,2007-006C,2007
,,,,2007-006D,2007
,,,,2007-006E,2007
,,,,2007-006F,2007
,,,,2007-015A,2007
,,,,2007-015B,2007
,,,,2007-016B,2007
,,,,2007-028A,2007
,,,,2007-032A,2007
,,,,2007-036A,2007
,,,,2007-041A,2007
,,,,2007-046A,2007
,,,,2007-047A,2007
,,,,2007-060B,2007
,,,,2007-062A,2007
,,,,2008-011A,2008
,,,,2008-012A,2008
,,,,2008-013A,2008
,,,,2008-016A,2008
,,,,2008-017B,2008
,,,,2008-024A,2008
,,,,2008-029A,2008
,,,,2008-032B,2008
,,,,2008-035A,2008
,,,,2008-042A,2008
,,,,2008-045A,2008
,,,,2008-048A,2008
,,,,2009-001B,2009
,,,,2009-005A,2009
,,,,2009-011C,2009
,,,,2009-014A,2009
,,,,2009-017A,2009
,,,,2009-017B,2009
,,,,2009-033A,2009
,,,,2009-033B,2009
,,,,2009-034A,2009
,,,,2009-035A,2009
,,,,2009-037B,2009
,,,,2009-041D,2009
,,,,2009-041F,2009
,,,,2009-043A,2009
,,,,2009-043C,2009
,,,,2009-047B,2009
,,,,2009-055A,2009
,,,,2009-057A,2009
,,,,2009-057E,2009
,,,,2009-064B,2009
,,,,2009-068A,2009
,,,,2009-068B,2009
,,,,2009-071A,2009
,,,,2009-071B,2009
,,,,2009-075A,2009
,,,,2010-005A,2010
,,,,2010-005B,2010
,,,,2010-008A,2010
,,,,2010-008B,2010
,,,,2010-010A,2010
,,,,2010-022A,2010
,,,,2010-022B,2010
,,,,2010-034A,2010
,,,,2010-039A,2010
,,,,2010-039B,2010
,,,,2010-048A,2010
,,,,2010-048B,2010
,,,,2010-053A,2010
,,,,2010-061A,2010
,,,,2010-062F,2010
,,,,2010-062M,2010
,,,,2010-066K,2010
,,,,2011-011B,2011
,,,,2011-019A,2011
,,,,2011-035A,2011
,,,,2011-036A,2011
,,,,2011-036B,2011
,,,,2011-044E,2011
,,,,2011-044F,2011
,,,,2011-052A,2011
,,,,2011-059A,2011
,,,,2011-061A,2011
,,,,2011-061B,2011
,,,,2011-061C,2011
,,,,2012-003A,2012
,,,,2012-003B,2012
,,,,2012-009A,2012
,,,,2012-009B,2012
,,,,2012-019A,2012
,,,,2012-031A,2012
,,,,2012-031B,2012
,,,,2012-035A,2012
,,,,2012-046A,2012
,,,,2012-046B,2012
,,,,2012-053A,2012
,,,,2012-053B,2012
,,,,2012-065A,2012
,,,,2013-004A,2013
,,,,2013-004B,2013
,,,,2013-008A,2013
,,,,2013-008B,2013
,,,,2013-011A,2013
,,,,2013-023A,2013
,,,,2013-023B,2013
,,,,2013-024A,2013
,,,,2013-024B,2013
,,,,2013-033A,2013
,,,,2013-033B,2013
,,,,2013-036A,2013
,,,,2013-036B,2013
,,,,2013-041A,2013
,,,,2013-050A,2013
,,,,2013-055AC,2013
,,,,2013-055B,2013
,,,,2013-055C,2013
,,,,2013-055G,2013
,,,,2013-058A,2013
,,,,2013-064A,2013
,,,,2013-066A,2013
,,,,2013-066C,2013
,,,,2013-066K,2013
,,,,2013-072B,2013
,,,,2013-072D,2013
,,,,2013-072E,2013
,,,,2014-004A,2014
,,,,2014-004B,2014
,,,,2014-008A,2014
,,,,2014-008B,2014
,,,,2014-015A,2014
,,,,2014-015E,2014
,,,,2014-026A,2014
,,,,2014-026B,2014
,,,,2014-033J,2014
,,,,2014-033K,2014
,,,,2014-035A,2014
,,,,2014-035B,2014
,,,,2014-037D,2014
,,,,2014-043D,2014
,,,,2014-045A,2014
,,,,2014-045B,2014
,,,,2014-046B,2014
,,,,2014-048A,2014
,,,,2014-048B,2014
,,,,2014-055AB,2014
,,,,2014-055AK,2014
,,,,2014-055B,2014
,,,,2014-055BD,2014
,,,,2014-055BH,2014
,,,,2014-055BS,2014
,,,,2014-055BV,2014
,,,,2014-055BZ,2014
,,,,2014-055J,2014
,,,,2014-055W,2014
,,,,2014-068A,2014
,,,,2014-068B,2014
,,,,2014-078B,2014
,,,,2015-002A,2015
,,,,2015-002B,2015
,,,,2015-003A,2015
,,,,2015-010C,2015
,,,,2015-011A,2015
,,,,2015-011B,2015
,,,,2015-011C,2015
,,,,2015-011D,2015
,,,,2015-013A,2015
,,,,2015-013B,2015
,,,,2015-023B,2015
,,,,2015-026A,2015
,,,,2015-033A,2015
,,,,2015-033B,2015
,,,,2015-036A,2015
,,,,2015-044A,2015
,,,,2015-044B,2015
,,,,2015-044C,2015
,,,,2015-056B,2015
,,,,2015-062A,2015
,,,,2015-062B,2015
,,,,2016-002A,2016
,,,,2016-007A,2016
,,,,2016-007B,2016
,,,,2016-013B,2016
,,,,2016-038C,2016
,,,,2016-039B,2016
,,,,2016-040C,2016
,,,,2016-041A,2016
,,,,2016-041B,2016
,,,,2016-058B,2016
,,,,2016-058C,2016
,,,,2016-058D,2016
,,,,2016-058E,2016
,,,,2016-059E,2016
,,,,2016-062F,2016
,,,,2016-071A,2016
,,,,2016-071B,2016
,,,,2016-075A,2016
,,,,2016-078A,2016
,,,,2016-078B,2016
,,,,2016-078C,2016
,,,,2016-078D,2016
,,,,2016-078E,2016
,,,,2016-078F,2016
,,,,2016-078G,2016
,,,,2016-078H,2016
,,,,2016-078J,2016
,,,,2016-079A,2016
,,,,2017-003A,2017
,,,,2017-003B,2017
,,,,2017-003C,2017
,,,,2017-003D,2017
,,,,2017-003E,2017
,,,,2017-003F,2017
,,,,2017-003G,2017
,,,,2017-003H,2017
,,,,2017-003J,2017
,,,,2017-003K,2017
,,,,2017-004A,2017
,,,,2017-014A,2017
,,,,2017-016A,2017
,,,,2017-017B,2017
,,,,2017-019B,2017
,,,,2017-029A,2017
,,,,2017-032A,2017
,,,,2017-036AE,2017
,,,,2017-039A,2017
,,,,2017-039B,2017
,,,,2017-039C,2017
,,,,2017-039D,2017
,,,,2017-039E,2017
,,,,2017-039F,2017
,,,,2017-039G,2017
,,,,2017-039H,2017
,,,,2017-039J,2017
,,,,2017-039K,2017
,,,,2017-041B,2017
,,,,2017-047A,2017
,,,,2017-047B,2017
,,,,2017-050A,2017
,,,,2017-050B,2017
,,,,2017-050E,2017
,,,,2017-050G,2017
,,,,2017-061A,2017
,,,,2017-061B,2017
,,,,2017-061C,2017
,,,,2017-061D,2017
,,,,2017-061E,2017
,,,,2017-061F,2017
,,,,2017-061G,2017
,,,,2017-061H,2017
,,,,2017-061J,2017
,,,,2017-061K,2017
,,,,2017-063B,2017
,,,,2017-068A,2017
,,,,2017-068B,2017
,,,,2017-068C,2017
,,,,2017-068D,2017
,,,,2017-068E,2017
,,,,2017-068F,2017
,,,,2017-068G,2017
,,,,2017-068H,2017
,,,,2017-073A,2017
,,,,2017-083A,2017
,,,,2017-083B,2017
,,,,2017-083C,2017
,,,,2017-083D,2017
,,,,2017-083E,2017
,,,,2017-083F,2017
,,,,2017-083G,2017
,,,,2017-083H,2017
,,,,2017-083J,2017
,,,,2017-083K,2017
,,,,2018-004AJ,2018
,,,,2018-004C,2018
,,,,2018-009A,2018
,,,,2018-010B,2018
,,,,2018-013B,2018
,,,,2018-017A,2018
,,,,2018-022A,2018
,,,,2018-022B,2018
,,,,2018-023B,2018
,,,,2018-030A,2018
,,,,2018-030B,2018
,,,,2018-030C,2018
,,,,2018-030D,2018
,,,,2018-030E,2018
,,,,2018-030F,2018
,,,,2018-030G,2018
,,,,2018-030H,2018
,,,,2018-030J,2018
,,,,2018-030K,2018
,,,,2018-044B,2018
,,,,2018-046C,2018
,,,,2018-046D,2018
,,,,2018-047A,2018
,,,,2018-047B,2018
,,,,2018-047C,2018
,,,,2018-047D,2018
,,,,2018-047E,2018
,,,,2018-047F,2018
,,,,2018-047G,2018
,,,,2018-059B,2018
,,,,2018-061A,2018
,,,,2018-061B,2018
,,,,2018-061C,2018
,,,,2018-061D,2018
,,,,2018-061E,2018
,,,,2018-061F,2018
,,,,2018-061G,2018
,,,,2018-061H,2018
,,,,2018-061J,2018
,,,,2018-061K,2018
,,,,2018-069B,2018
,,,,2018-070A,2018
,,,,2018-070D,2018
,,,,2018-079A,2018
,,,,2018-079AG,2018
,,,,2018-079B,2018
,,,,2018-079C,2018
,,,,2018-079CK,2018
,,,,2018-079CR,2018
,,,,2018-079DD,2018
,,,,2018-079DL,2018
,,,,2018-079DY,2018
,,,,2018-079E,2018
,,,,2018-079FD,2018
,,,,2018-079FE,2018
,,,,2018-079FF,2018
,,,,2018-079GF,2018
,,,,2018-079HA,2018
,,,,2018-079T,2018
,,,,2018-088A,2018
,,,,2018-088C,2018
,,,,2018-096B,2018
,,,,2018-096D,2018
,,,,2018-096M,2018
,,,,2018-096U,2018
,,,,2018-099A,2018
,,,,2018-099AD,2018
,,,,2018-099AK,2018
,,,,2018-099AM,2018
,,,,2018-099AN,2018
,,,,2018-099AP,2018
,,,,2018-099AQ,2018
,,,,2018-099AR,2018
,,,,2018-099AT,2018
,,,,2018-099AW,2018
,,,,2018-099BC,2018
,,,,2018-099BG,2018
,,,,2018-099BH,2018
,,,,2018-099BK,2018
,,,,2018-099BP,2018
,,,,2018-099C,2018
,,,,2018-099E,2018
,,,,2018-099F,2018
,,,,2018-099G,2018
,,,,2018-099H,2018
,,,,2018-104A,2018
,,,,2018-104C,2018
,,,,2018-104E,2018
,,,,2018-104M,2018
,,,,2018-104N,2018
,,,,2018-109A,2018
,,,,2018-111J,2018
,,,,2019-002A,2019
,,,,2019-002B,2019
,,,,2019-002C,2019
,,,,2019-002D,2019
,,,,2019-002E,2019
,,,,2019-002F,2019
,,,,2019-002G,2019
,,,,2019-002H,2019
,,,,2019-002J,2019
,,,,2019-002K,2019
,,,,2019-009D,2019
,,,,2019-009E,2019
,,,,2019-014A,2019
,,,,2019-018AA,2019
,,,,2019-018D,2019
,,,,2019-018L,2019
,,,,2019-018M,2019
,,,,2019-018S,2019
,,,,2019-018W,2019
,,,,2019-018X,2019
,,,,2019-022H,2019
,,,,2019-026B,2019
,,,,2019-026C,2019
,,,,2019-026E,2019
,,,,2019-029BN,2019
,,,,2019-029BP,2019
,,,,2019-029BQ,2019
,,,,2019-029BR,2019
,,,,2019-029D,2019
,,,,2019-029T,2019
,,,,2019-034A,2019
,,,,2019-036A,2019
,,,,2019-036AC,2019
,,,,2019-036B,2019
,,,,2019-036C,2019
,,,,2019-036F,2019
,,,,2019-036G,2019
,,,,2019-036K,2019
,,,,2019-037C,2019
,,,,2019-038Y,2019
,,,,2019-050B,2019
,,,,2019-051A,2019
,,,,2019-051C,2019
,,,,2019-054B,2019
,,,,2019-054C,2019
,,,,2019-054D,2019
,,,,2019-054E,2019
,,,,2019-056A,2019
,,,,2019-067B,2019
,,,,2019-068A,2019
,,,,2019-068B,2019
,,,,2019-069A,2019
,,,,2019-069B,2019
,,,,2019-069C,2019
,,,,2019-071D,2019
,,,,2019-071F,2019
,,,,2019-071G,2019
,,,,2019-071H,2019
,,,,2019-071M,2019
,,,,2019-074A,2019
,,,,2019-074AA,2019
,,,,2019-074AB,2019
,,,,2019-074AC,2019
,,,,2019-074AD,2019
,,,,2019-074AE,2019
,,,,2019-074AF,2019
,,,,2019-074AG,2019
,,,,2019-074AH,2019
,,,,2019-074AK,2019
,,,,2019-074AL,2019
,,,,2019-074AM,2019
,,,,2019-074AQ,2019
,,,,2019-074AR,2019
,,,,2019-074AS,2019
,,,,2019-074AT,2019
,,,,2019-074AW,2019
,,,,2019-074AX,2019
,,,,2019-074AY,2019
,,,,2019-074AZ,2019
,,,,2019-074B,2019
,,,,2019-074BA,2019
,,,,2019-074BB,2019
,,,,2019-074BC,2019
,,,,2019-074BD,2019
,,,,2019-074BE,2019
,,,,2019-074BF,2019
,,,,2019-074BG,2019
,,,,2019-074BH,2019
,,,,2019-074BK,2019
,,,,2019-074BL,2019
,,,,2019-074BM,2019
,,,,2019-074C,2019
,,,,2019-074D,2019
,,,,2019-074E,2019
,,,,2019-074F,2019
,,,,2019-074G,2019
,,,,2019-074H,2019
,,,,2019-074J,2019
,,,,2019-074K,2019
,,,,2019-074L,2019
,,,,2019-074M,2019
,,,,2019-074N,2019
,,,,2019-074P,2019
,,,,2019-074Q,2019
,,,,2019-074S,2019
,,,,2019-074U,2019
,,,,2019-074V,2019
,,,,2019-074W,2019
,,,,2019-074X,2019
,,,,2019-074Y,2019
,,,,2019-074Z,2019
,,,,2019-081C,2019
,,,,2019-081E,2019
,,,,2019-081F,2019
,,,,2019-081H,2019
,,,,2019-081J,2019
,,,,2019-081K,2019
,,,,2019-081N,2019
,,,,2019-081P,2019
,,,,2019-081Q,2019
,,,,2019-089B,2019
,,,,2019-089J,2019
,,,,2019-089K,2019
,,,,2019-091B,2019
,,,,2020-001A,2020
,,,,2020-001AA,2020
,,,,2020-001AB,2020
,,,,2020-001AC,2020
,,,,2020-001AD,2020
,,,,2020-001AE,2020
,,,,2020-001AF,2020
,,,,2020-001AG,2020
,,,,2020-001AH,2020
,,,,2020-001AJ,2020
,,,,2020-001AK,2020
,,,,2020-001AM,2020
,,,,2020-001AN,2020
,,,,2020-001AP,2020
,,,,2020-001AQ,2020
,,,,2020-001AR,2020
,,,,2020-001AS,2020
,,,,2020-001AT,2020
,,,,2020-001AU,2020
,,,,2020-001AV,2020
,,,,2020-001AX,2020
,,,,2020-001AZ,2020
,,,,2020-001B,2020
,,,,2020-001BB,2020
,,,,2020-001BC,2020
,,,,2020-001BE,2020
,,,,2020-001BF,2020
,,,,2020-001BG,2020
,,,,2020-001BH,2020
,,,,2020-001BJ,2020
,,,,2020-001BL,2020
,,,,2020-001BM,2020
,,,,2020-001D,2020
,,,,2020-001E,2020
,,,,2020-001G,2020
,,,,2020-001H,2020
,,,,2020-001J,2020
,,,,2020-001K,2020
,,,,2020-001L,2020
,,,,2020-001M,2020
,,,,2020-001N,2020
,,,,2020-001P,2020
,,,,2020-001Q,2020
,,,,2020-001R,2020
,,,,2020-001S,2020
,,,,2020-001T,2020
,,,,2020-001U,2020
,,,,2020-001V,2020
,,,,2020-001W,2020
,,,,2020-001Z,2020
,,,,2020-006A,2020
,,,,2020-006AA,2020
,,,,2020-006AD,2020
,,,,2020-006AE,2020
,,,,2020-006AF,2020
,,,,2020-006AG,2020
,,,,2020-006AH,2020
,,,,2020-006AJ,2020
,,,,2020-006AL,2020
,,,,2020-006AM,2020
,,,,2020-006AN,2020
,,,,2020-006AP,2020
,,,,2020-006AQ,2020
,,,,2020-006AR,2020
,,,,2020-006AS,2020
,,,,2020-006AT,2020
,,,,2020-006AU,2020
,,,,2020-006AV,2020
,,,,2020-006AW,2020
,,,,2020-006AX,2020
,,,,2020-006AY,2020
,,,,2020-006B,2020
,,,,2020-006BA,2020
,,,,2020-006BB,2020
,,,,2020-006BC,2020
,,,,2020-006BD,2020
,,,,2020-006BE,2020
,,,,2020-006BG,2020
,,,,2020-006BH,2020
,,,,2020-006BJ,2020
,,,,2020-006BK,2020
,,,,2020-006BL,2020
,,,,2020-006BM,2020
,,,,2020-006C,2020
,,,,2020-006D,2020
,,,,2020-006E,2020
,,,,2020-006F,2020
,,,,2020-006G,2020
,,,,2020-006H,2020
,,,,2020-006J,2020
,,,,2020-006K,2020
,,,,2020-006L,2020
,,,,2020-006P,2020
,,,,2020-006Q,2020
,,,,2020-006R,2020
,,,,2020-006S,2020
,,,,2020-006T,2020
,,,,2020-006U,2020
,,,,2020-006W,2020
,,,,2020-006X,2020
,,,,2020-006Y,2020
,,,,2020-006Z,2020
,,,,2020-011D,2020
,,,,2020-012A,2020
,,,,2020-012AA,2020
,,,,2020-012AC,2020
,,,,2020-012AD,2020
,,,,2020-012AE,2020
,,,,2020-012AF,2020
,,,,2020-012AG,2020
,,,,2020-012AH,2020
,,,,2020-012AJ,2020
,,,,2020-012AL,2020
,,,,2020-012AM,2020
,,,,2020-012AN,2020
,,,,2020-012AP,2020
,,,,2020-012AR,2020
,,,,2020-012AT,2020
,,,,2020-012AV,2020
,,,,2020-012AW,2020
,,,,2020-012AX,2020
,,,,2020-012AZ,2020
,,,,2020-012B,2020
,,,,2020-012BA,2020
,,,,2020-012BB,2020
,,,,2020-012BC,2020
,,,,2020-012BD,2020
,,,,2020-012BE,2020
,,,,2020-012BF,2020
,,,,2020-012BG,2020
,,,,2020-012BH,2020
,,,,2020-012BJ,2020
,,,,2020-012BK,2020
,,,,2020-012BL,2020
,,,,2020-012BM,2020
,,,,2020-012C,2020
,,,,2020-012D,2020
,,,,2020-012E,2020
,,,,2020-012F,2020
,,,,2020-012G,2020
,,,,2020-012H,2020
,,,,2020-012J,2020
,,,,2020-012K,2020
,,,,2020-012L,2020
,,,,2020-012M,2020
,,,,2020-012N,2020
,,,,2020-012P,2020
,,,,2020-012Q,2020
,,,,2020-012R,2020
,,,,2020-012S,2020
,,,,2020-012T,2020
,,,,2020-012U,2020
,,,,2020-012V,2020
,,,,2020-012W,2020
,,,,2020-012X,2020
,,,,2020-012Z,2020
,,,,2020-019A,2020
,,,,2020-019AA,2020
,,,,2020-019AC,2020
,,,,2020-019AD,2020
,,,,2020-019AE,2020
,,,,2020-019AF,2020
,,,,2020-019AG,2020
,,,,2020-019AH,2020
,,,,2020-019AJ,2020
,,,,2020-019AK,2020
,,,,2020-019AL,2020
,,,,2020-019AM,2020
,,,,2020-019AN,2020
,,,,2020-019AP,2020
,,,,2020-019AQ,2020
,,,,2020-019AR,2020
,,,,2020-019AS,2020
,,,,2020-019AT,2020
,,,,2020-019AU,2020
,,,,2020-019AV,2020
,,,,2020-019AW,2020
,,,,2020-019AX,2020
,,,,2020-019AY,2020
,,,,2020-019AZ,2020
,,,,2020-019B,2020
,,,,2020-019BA,2020
,,,,2020-019BB,2020
,,,,2020-019BD,2020
,,,,2020-019BE,2020
,,,,2020-019BF,2020
,,,,2020-019BG,2020
,,,,2020-019BH,2020
,,,,2020-019BJ,2020
,,,,2020-019BK,2020
,,,,2020-019BL,2020
,,,,2020-019BM,2020
,,,,2020-019C,2020
,,,,2020-019E,2020
,,,,2020-019F,2020
,,,,2020-019G,2020
,,,,2020-019H,2020
,,,,2020-019J,2020
,,,,2020-019K,2020
,,,,2020-019L,2020
,,,,2020-019M,2020
,,,,2020-019N,2020
,,,,2020-019P,2020
,,,,2020-019Q,2020
,,,,2020-019R,2020
,,,,2020-019S,2020
,,,,2020-019T,2020
,,,,2020-019U,2020
,,,,2020-019V,2020
,,,,2020-019W,2020
,,,,2020-019X,2020
,,,,2020-019Y,2020
,,,,2020-019Z,2020
,,,,2020-022B,2020
,,,,2020-022C,2020
,,,,2020-025A,2020
,,,,2020-025AA,2020
,,,,2020-025AB,2020
,,,,2020-025AC,2020
,,,,2020-025AD,2020
,,,,2020-025AE,2020
,,,,2020-025AF,2020
,,,,2020-025AG,2020
,,,,2020-025AH,2020
,,,,2020-025AJ,2020
,,,,2020-025AK,2020
,,,,2020-025AL,2020
,,,,2020-025AM,2020
,,,,2020-025AN,2020
,,,,2020-025AP,2020
,,,,2020-025AQ,2020
,,,,2020-025AR,2020
,,,,2020-025AS,2020
,,,,2020-025AT,2020
,,,,2020-025AU,2020
,,,,2020-025AV,2020
,,,,2020-025AW,2020
,,,,2020-025AX,2020
,,,,2020-025AY,2020
,,,,2020-025AZ,2020
,,,,2020-025B,2020
,,,,2020-025BA,2020
,,,,2020-025BB,2020
,,,,2020-025BC,2020
,,,,2020-025BD,2020
,,,,2020-025BE,2020
,,,,2020-025BF,2020
,,,,2020-025BH,2020
,,,,2020-025BJ,2020
,,,,2020-025BK,2020
,,,,2020-025BL,2020
,,,,2020-025BM,2020
,,,,2020-025D,2020
,,,,2020-025E,2020
,,,,2020-025F,2020
,,,,2020-025G,2020
,,,,2020-025H,2020
,,,,2020-025K,2020
,,,,2020-025L,2020
,,,,2020-025M,2020
,,,,2020-025N,2020
,,,,2020-025P,2020
,,,,2020-025Q,2020
,,,,2020-025R,2020
,,,,2020-025S,2020
,,,,2020-025T,2020
,,,,2020-025V,2020
,,,,2020-025W,2020
,,,,2020-025Y,2020
,,,,2020-025Z,2020
,,,,2020-035AA,2020
,,,,2020-035AB,2020
,,,,2020-035AC,2020
,,,,2020-035AD,2020
,,,,2020-035AE,2020
,,,,2020-035AF,2020
,,,,2020-035AH,2020
,,,,2020-035AJ,2020
,,,,2020-035AK,2020
,,,,2020-035AL,2020
,,,,2020-035AM,2020
,,,,2020-035AN,2020
,,,,2020-035AP,2020
,,,,2020-035AQ,2020
,,,,2020-035AR,2020
,,,,2020-035AS,2020
,,,,2020-035AT,2020
,,,,2020-035AU,2020
,,,,2020-035AV,2020
,,,,2020-035AW,2020
,,,,2020-035AX,2020
,,,,2020-035AY,2020
,,,,2020-035AZ,2020
,,,,2020-035B,2020
,,,,2020-035BA,2020
,,,,2020-035BB,2020
,,,,2020-035BC,2020
,,,,2020-035BD,2020
,,,,2020-035BE,2020
,,,,2020-035BF,2020
,,,,2020-035BG,2020
,,,,2020-035BH,2020
,,,,2020-035BJ,2020
,,,,2020-035BK,2020
,,,,2020-035C,2020
,,,,2020-035D,2020
,,,,2020-035E,2020
,,,,2020-035F,2020
,,,,2020-035G,2020
,,,,2020-035J,2020
,,,,2020-035K,2020
,,,,2020-035L,2020
,,,,2020-035M,2020
,,,,2020-035N,2020
,,,,2020-035P,2020
,,,,2020-035Q,2020
,,,,2020-035R,2020
,,,,2020-035S,2020
,,,,2020-035T,2020
,,,,2020-035U,2020
,,,,2020-035V,2020
,,,,2020-035W,2020
,,,,2020-035X,2020
,,,,2020-035Y,2020
,,,,2020-035Z,2020
,,,,2020-038A,2020
,,,,2020-038AA,2020
,,,,2020-038AB,2020
,,,,2020-038AC,2020
,,,,2020-038AD,2020
,,,,2020-038AE,2020
,,,,2020-038AF,2020
,,,,2020-038AG,2020
,,,,2020-038AH,2020
,,,,2020-038AJ,2020
,,,,2020-038AL,2020
,,,,2020-038AN,2020
,,,,2020-038AP,2020
,,,,2020-038AQ,2020
,,,,2020-038AR,2020
,,,,2020-038AS,2020
,,,,2020-038AT,2020
,,,,2020-038AU,2020
,,,,2020-038AV,2020
,,,,2020-038AW,2020
,,,,2020-038AX,2020
,,,,2020-038AY,2020
,,,,2020-038AZ,2020
,,,,2020-038B,2020
,,,,2020-038BA,2020
,,,,2020-038BB,2020
,,,,2020-038BC,2020
,,,,2020-038BD,2020
,,,,2020-038BE,2020
,,,,2020-038BF,2020
,,,,2020-038BG,2020
,,,,2020-038BH,2020
,,,,2020-038BJ,2020
,,,,2020-038BK,2020
,,,,2020-038BL,2020
,,,,2020-038BM,2020
,,,,2020-038BN,2020
,,,,2020-038C,2020
,,,,2020-038D,2020
,,,,2020-038E,2020
,,,,2020-038F,2020
,,,,2020-038G,2020
,,,,2020-038J,2020
,,,,2020-038K,2020
,,,,2020-038L,2020
,,,,2020-038M,2020
,,,,2020-038N,2020
,,,,2020-038P,2020
,,,,2020-038Q,2020
,,,,2020-038R,2020
,,,,2020-038S,2020
,,,,2020-038T,2020
,,,,2020-038U,2020
,,,,2020-038W,2020
,,,,2020-038X,2020
,,,,2020-038Z,2020
,,,,2020-041A,2020
,,,,2020-046E,2020
,,,,2020-048B,2020
,,,,2020-055A,2020
,,,,2020-055AA,2020
,,,,2020-055AB,2020
,,,,2020-055AC,2020
,,,,2020-055AD,2020
,,,,2020-055AE,2020
,,,,2020-055AF,2020
,,,,2020-055AH,2020
,,,,2020-055AJ,2020
,,,,2020-055AK,2020
,,,,2020-055AL,2020
,,,,2020-055AM,2020
,,,,2020-055AN,2020
,,,,2020-055AP,2020
,,,,2020-055AQ,2020
,,,,2020-055AR,2020
,,,,2020-055AS,2020
,,,,2020-055AT,2020
,,,,2020-055AU,2020
,,,,2020-055AV,2020
,,,,2020-055AW,2020
,,,,2020-055AX,2020
,,,,2020-055AY,2020
,,,,2020-055AZ,2020
,,,,2020-055B,2020
,,,,2020-055BA,2020
,,,,2020-055BB,2020
,,,,2020-055BC,2020
,,,,2020-055BD,2020
,,,,2020-055BE,2020
,,,,2020-055BF,2020
,,,,2020-055BG,2020
,,,,2020-055BH,2020
,,,,2020-055BJ,2020
,,,,2020-055BP,2020
,,,,2020-055BQ,2020
,,,,2020-055C,2020
,,,,2020-055D,2020
,,,,2020-055E,2020
,,,,2020-055F,2020
,,,,2020-055G,2020
,,,,2020-055H,2020
,,,,2020-055J,2020
,,,,2020-055K,2020
,,,,2020-055L,2020
,,,,2020-055M,2020
,,,,2020-055N,2020
,,,,2020-055P,2020
,,,,2020-055Q,2020
,,,,2020-055R,2020
,,,,2020-055S,2020
,,,,2020-055T,2020
,,,,2020-055U,2020
,,,,2020-055W,2020
,,,,2020-055X,2020
,,,,2020-055Y,2020
,,,,2020-056B,2020
,,,,2020-056C,2020
,,,,2020-057A,2020
,,,,2020-057AA,2020
,,,,2020-057AB,2020
,,,,2020-057AD,2020
,,,,2020-057AF,2020
,,,,2020-057AG,2020
,,,,2020-057AH,2020
,,,,2020-057AJ,2020
,,,,2020-057AK,2020
,,,,2020-057AL,2020
,,,,2020-057AM,2020
,,,,2020-057AN,2020
,,,,2020-057AP,2020
,,,,2020-057AQ,2020
,,,,2020-057AR,2020
,,,,2020-057AS,2020
,,,,2020-057AT,2020
,,,,2020-057AU,2020
,,,,2020-057AV,2020
,,,,2020-057AW,2020
,,,,2020-057AX,2020
,,,,2020-057AY,2020
,,,,2020-057AZ,2020
,,,,2020-057B,2020
,,,,2020-057BA,2020
,,,,2020-057BB,2020
,,,,2020-057BC,2020
,,,,2020-057BD,2020
,,,,2020-057BE,2020
,,,,2020-057BG,2020
,,,,2020-057BH,2020
,,,,2020-057BJ,2020
,,,,2020-057BK,2020
,,,,2020-057BQ,2020
,,,,2020-057BR,2020
,,,,2020-057BS,2020
,,,,2020-057C,2020
,,,,2020-057D,2020
,,,,2020-057E,2020
,,,,2020-057F,2020
,,,,2020-057G,2020
,,,,2020-057H,2020
,,,,2020-057J,2020
,,,,2020-057K,2020
,,,,2020-057L,2020
,,,,2020-057M,2020
,,,,2020-057N,2020
,,,,2020-057P,2020
,,,,2020-057Q,2020
,,,,2020-057R,2020
,,,,2020-057S,2020
,,,,2020-057T,2020
,,,,2020-057U,2020
,,,,2020-057V,2020
,,,,2020-057W,2020
,,,,2020-057X,2020
,,,,2020-057Z,2020
,,,,2020-059B,2020
,,,,2020-059C,2020
,,,,2020-060A,2020
,,,,2020-060B,2020
,,,,2020-061AA,2020
,,,,2020-061AB,2020
,,,,2020-061AU,2020
,,,,2020-061BB,2020
,,,,2020-061BC,2020
,,,,2020-061BE,2020
,,,,2020-061BN,2020
,,,,2020-061BP,2020
,,,,2020-061BQ,2020
,,,,2020-061D,2020
,,,,2020-061L,2020
,,,,2020-061M,2020
,,,,2020-061P,2020
,,,,2020-061T,2020
,,,,2020-061U,2020
,,,,2020-061V,2020
,,,,2020-062A,2020
,,,,2020-062AA,2020
,,,,2020-062AB,2020
,,,,2020-062AC,2020
,,,,2020-062AD,2020
,,,,2020-062AE,2020
,,,,2020-062AF,2020
,,,,2020-062AG,2020
,,,,2020-062AH,2020
,,,,2020-062AJ,2020
,,,,2020-062AK,2020
,,,,2020-062AL,2020
,,,,2020-062AM,2020
,,,,2020-062AN,2020
,,,,2020-062AP,2020
,,,,2020-062AQ,2020
,,,,2020-062AR,2020
,,,,2020-062AS,2020
,,,,2020-062AT,2020
,,,,2020-062AV,2020
,,,,2020-062AX,2020
,,,,2020-062AY,2020
,,,,2020-062AZ,2020
,,,,2020-062B,2020
,,,,2020-062BB,2020
,,,,2020-062BC,2020
,,,,2020-062BD,2020
,,,,2020-062BH,2020
,,,,2020-062BK,2020
,,,,2020-062BL,2020
,,,,2020-062BM,2020
,,,,2020-062C,2020
,,,,2020-062D,2020
,,,,2020-062E,2020
,,,,2020-062F,2020
,,,,2020-062G,2020
,,,,2020-062H,2020
,,,,2020-062J,2020
,,,,2020-062K,2020
,,,,2020-062L,2020
,,,,2020-062M,2020
,,,,2020-062N,2020
,,,,2020-062P,2020
,,,,2020-062R,2020
,,,,2020-062S,2020
,,,,2020-062T,2020
,,,,2020-062U,2020
,,,,2020-062V,2020
,,,,2020-062W,2020
,,,,2020-062X,2020
,,,,2020-062Y,2020
,,,,2020-062Z,2020
,,,,2020-070A,2020
,,,,2020-070AA,2020
,,,,2020-070AB,2020
,,,,2020-070AC,2020
,,,,2020-070AD,2020
,,,,2020-070AE,2020
,,,,2020-070AF,2020
,,,,2020-070AG,2020
,,,,2020-070AH,2020
,,,,2020-070AJ,2020
,,,,2020-070AK,2020
,,,,2020-070AL,2020
,,,,2020-070AM,2020
,,,,2020-070AP,2020
,,,,2020-070AQ,2020
,,,,2020-070AS,2020
,,,,2020-070AT,2020
,,,,2020-070AU,2020
,,,,2020-070AV,2020
,,,,2020-070AW,2020
,,,,2020-070AX,2020
,,,,2020-070AY,2020
,,,,2020-070AZ,2020
,,,,2020-070B,2020
,,,,2020-070BA,2020
,,,,2020-070BB,2020
,,,,2020-070BC,2020
,,,,2020-070BD,2020
,,,,2020-070BE,2020
,,,,2020-070BF,2020
,,,,2020-070BG,2020
,,,,2020-070BJ,2020
,,,,2020-070BK,2020
,,,,2020-070BM,2020
,,,,2020-070C,2020
,,,,2020-070D,2020
,,,,2020-070F,2020
,,,,2020-070G,2020
,,,,2020-070K,2020
,,,,2020-070L,2020
,,,,2020-070M,2020
,,,,2020-070N,2020
,,,,2020-070P,2020
,,,,2020-070Q,2020
,,,,2020-070R,2020
,,,,2020-070S,2020
,,,,2020-070T,2020
,,,,2020-070U,2020
,,,,2020-070W,2020
,,,,2020-070X,2020
,,,,2020-070Y,2020
,,,,2020-073AA,2020
,,,,2020-073AC,2020
,,,,2020-073AE,2020
,,,,2020-073AF,2020
,,,,2020-073AG,2020
,,,,2020-073AH,2020
,,,,2020-073AJ,2020
,,,,2020-073AK,2020
,,,,2020-073AL,2020
,,,,2020-073AM,2020
,,,,2020-073AN,2020
,,,,2020-073AP,2020
,,,,2020-073AR,2020
,,,,2020-073AS,2020
,,,,2020-073AT,2020
,,,,2020-073AU,2020
,,,,2020-073AV,2020
,,,,2020-073AW,2020
,,,,2020-073AX,2020
,,,,2020-073AY,2020
,,,,2020-073AZ,2020
,,,,2020-073B,2020
,,,,2020-073BA,2020
,,,,2020-073BB,2020
,,,,2020-073BE,2020
,,,,2020-073BF,2020
,,,,2020-073BH,2020
,,,,2020-073BJ,2020
,,,,2020-073BK,2020
,,,,2020-073C,2020
,,,,2020-073D,2020
,,,,2020-073E,2020
,,,,2020-073F,2020
,,,,2020-073H,2020
,,,,2020-073K,2020
,,,,2020-073L,2020
,,,,2020-073M,2020
,,,,2020-073N,2020
,,,,2020-073Q,2020
,,,,2020-073R,2020
,,,,2020-073S,2020
,,,,2020-073T,2020
,,,,2020-073V,2020
,,,,2020-073W,2020
,,,,2020-073X,2020
,,,,2020-073Y,2020
,,,,2020-073Z,2020
,,,,2020-074AA,2020
,,,,2020-074AB,2020
,,,,2020-074AC,2020
,,,,2020-074AD,2020
,,,,2020-074AE,2020
,,,,2020-074AF,2020
,,,,2020-074AH,2020
,,,,2020-074AK,2020
,,,,2020-074AM,2020
,,,,2020-074AP,2020
,,,,2020-074AS,2020
,,,,2020-074AT,2020
,,,,2020-074AU,2020
,,,,2020-074AV,2020
,,,,2020-074AW,2020
,,,,2020-074AX,2020
,,,,2020-074AY,2020
,,,,2020-074AZ,2020
,,,,2020-074B,2020
,,,,2020-074BA,2020
,,,,2020-074BB,2020
,,,,2020-074BC,2020
,,,,2020-074BD,2020
,,,,2020-074BE,2020
,,,,2020-074BF,2020
,,,,2020-074BG,2020
,,,,2020-074BH,2020
,,,,2020-074BK,2020
,,,,2020-074BM,2020
,,,,2020-074C,2020
,,,,2020-074D,2020
,,,,2020-074E,2020
,,,,2020-074F,2020
,,,,2020-074G,2020
,,,,2020-074H,2020
,,,,2020-074J,2020
,,,,2020-074K,2020
,,,,2020-074L,2020
,,,,2020-074N,2020
,,,,2020-074P,2020
,,,,2020-074Q,2020
,,,,2020-074R,2020
,,,,2020-074S,2020
,,,,2020-074T,2020
,,,,2020-074U,2020
,,,,2020-074V,2020
,,,,2020-074W,2020
,,,,2020-074X,2020
,,,,2020-077A,2020
,,,,2020-077B,2020
,,,,2020-077C,2020
,,,,2020-077G,2020
,,,,2020-077H,2020
,,,,2020-077J,2020
,,,,2020-077K,2020
,,,,2020-077M,2020
,,,,2020-078A,2020
,,,,2020-085AC,2020
,,,,2020-085C,2020
,,,,2020-088A,2020
,,,,2020-088AB,2020
,,,,2020-088AC,2020
,,,,2020-088AD,2020
,,,,2020-088AE,2020
,,,,2020-088AF,2020
,,,,2020-088AG,2020
,,,,2020-088AH,2020
,,,,2020-088AJ,2020
,,,,2020-088AK,2020
,,,,2020-088AM,2020
,,,,2020-088AN,2020
,,,,2020-088AR,2020
,,,,2020-088AS,2020
,,,,2020-088AT,2020
,,,,2020-088AU,2020
,,,,2020-088AV,2020
,,,,2020-088AW,2020
,,,,2020-088AX,2020
,,,,2020-088BA,2020
,,,,2020-088BB,2020
,,,,2020-088BD,2020
,,,,2020-088BE,2020
,,,,2020-088BF,2020
,,,,2020-088BH,2020
,,,,2020-088BJ,2020
,,,,2020-088BK,2020
,,,,2020-088BM,2020
,,,,2020-088C,2020
,,,,2020-088E,2020
,,,,2020-088G,2020
,,,,2020-088H,2020
,,,,2020-088J,2020
,,,,2020-088M,2020
,,,,2020-088N,2020
,,,,2020-088P,2020
,,,,2020-088Q,2020
,,,,2020-088R,2020
,,,,2020-088S,2020
,,,,2020-088T,2020
,,,,2020-088V,2020
,,,,2020-088X,2020
,,,,2020-088Y,2020
,,,,2020-096A,2020
,,,,2020-096B,2020
,,,,2020-098B,2020
,,,,2021-001B,2021
,,,,2021-002A,2021
,,,,2021-002H,2021
,,,,2021-004B,2021
,,,,2021-005AA,2021
,,,,2021-005AB,2021
,,,,2021-005AC,2021
,,,,2021-005AD,2021
,,,,2021-005AE,2021
,,,,2021-005AF,2021
,,,,2021-005AG,2021
,,,,2021-005AH,2021
,,,,2021-005AJ,2021
,,,,2021-005AK,2021
,,,,2021-005AL,2021
,,,,2021-005AM,2021
,,,,2021-005AN,2021
,,,,2021-005AP,2021
,,,,2021-005AQ,2021
,,,,2021-005AR,2021
,,,,2021-005AS,2021
,,,,2021-005AT,2021
,,,,2021-005AU,2021
,,,,2021-005AV,2021
,,,,2021-005AW,2021
,,,,2021-005AX,2021
,,,,2021-005AY,2021
,,,,2021-005AZ,2021
,,,,2021-005B,2021
,,,,2021-005BA,2021
,,,,2021-005BB,2021
,,,,2021-005BC,2021
,,,,2021-005BD,2021
,,,,2021-005BE,2021
,,,,2021-005BF,2021
,,,,2021-005BG,2021
,,,,2021-005BH,2021
,,,,2021-005BJ,2021
,,,,2021-005BK,2021
,,,,2021-005BL,2021
,,,,2021-005BM,2021
,,,,2021-005C,2021
,,,,2021-005D,2021
,,,,2021-005E,2021
,,,,2021-005F,2021
,,,,2021-005G,2021
,,,,2021-005H,2021
,,,,2021-005J,2021
,,,,2021-005K,2021
,,,,2021-005L,2021
,,,,2021-005M,2021
,,,,2021-005N,2021
,,,,2021-005P,2021
,,,,2021-005Q,2021
,,,,2021-005T,2021
,,,,2021-005U,2021
,,,,2021-005V,2021
,,,,2021-005W,2021
,,,,2021-005X,2021
,,,,2021-005Y,2021
,,,,2021-005Z,2021
,,,,2021-006AF,2021
,,,,2021-006AP,2021
,,,,2021-006AW,2021
,,,,2021-006BB,2021
,,,,2021-006BL,2021
,,,,2021-006BM,2021
,,,,2021-006BN,2021
,,,,2021-006BP,2021
,,,,2021-006BQ,2021
,,,,2021-006BS,2021
,,,,2021-006BW,2021
,,,,2021-006BX,2021
,,,,2021-006CB,2021
,,,,2021-006CE,2021
,,,,2021-006CK,2021
,,,,2021-006CM,2021
,,,,2021-006CQ,2021
,,,,2021-006CR,2021
,,,,2021-006CT,2021
,,,,2021-006CW,2021
,,,,2021-006CY,2021
,,,,2021-006CZ,2021
,,,,2021-006DD,2021
,,,,2021-006DM,2021
,,,,2021-006DT,2021
,,,,2021-006DU,2021
,,,,2021-006DV,2021
,,,,2021-006DY,2021
,,,,2021-006ED,2021
,,,,2021-006EK,2021
,,,,2021-006EN,2021
,,,,2021-006EQ,2021
,,,,2021-006ER,2021
,,,,2021-006S,2021
,,,,2021-006Y,2021
,,,,2021-009A,2021
,,,,2021-009AA,2021
,,,,2021-009AB,2021
,,,,2021-009AC,2021
,,,,2021-009AD,2021
,,,,2021-009AE,2021
,,,,2021-009AF,2021
,,,,2021-009AG,2021
,,,,2021-009AH,2021
,,,,2021-009AJ,2021
,,,,2021-009AK,2021
,,,,2021-009AL,2021
,,,,2021-009AM,2021
,,,,2021-009AP,2021
,,,,2021-009AQ,2021
,,,,2021-009AR,2021
,,,,2021-009AS,2021
,,,,2021-009AT,2021
,,,,2021-009AU,2021
,,,,2021-009AV,2021
,,,,2021-009AW,2021
,,,,2021-009AX,2021
,,,,2021-009AY,2021
,,,,2021-009AZ,2021
,,,,2021-009B,2021
,,,,2021-009BA,2021
,,,,2021-009BB,2021
,,,,2021-009BC,2021
,,,,2021-009BD,2021
,,,,2021-009BE,2021
,,,,2021-009BF,2021
,,,,2021-009BG,2021
,,,,2021-009BH,2021
,,,,2021-009BJ,2021
,,,,2021-009BL,2021
,,,,2021-009BM,2021
,,,,2021-009C,2021
,,,,2021-009D,2021
,,,,2021-009E,2021
,,,,2021-009G,2021
,,,,2021-009H,2021
,,,,2021-009J,2021
,,,,2021-009K,2021
,,,,2021-009L,2021
,,,,2021-009M,2021
,,,,2021-009N,2021
,,,,2021-009P,2021
,,,,2021-009Q,2021
,,,,2021-009R,2021
,,,,2021-009S,2021
,,,,2021-009T,2021
,,,,2021-009U,2021
,,,,2021-009V,2021
,,,,2021-009W,2021
,,,,2021-009X,2021
,,,,2021-009Y,2021
,,,,2021-009Z,2021
,,,,2021-012A,2021
,,,,2021-012AA,2021
,,,,2021-012AB,2021
,,,,2021-012AC,2021
,,,,2021-012AD,2021
,,,,2021-012AE,2021
,,,,2021-012AF,2021
,,,,2021-012AG,2021
,,,,2021-012AH,2021
,,,,2021-012AJ,2021
,,,,2021-012AK,2021
,,,,2021-012AL,2021
,,,,2021-012AM,2021
,,,,2021-012AN,2021
,,,,2021-012AP,2021
,,,,2021-012AQ,2021
,,,,2021-012AR,2021
,,,,2021-012AS,2021
,,,,2021-012AT,2021
,,,,2021-012AU,2021
,,,,2021-012AV,2021
,,,,2021-012AW,2021
,,,,2021-012AX,2021
,,,,2021-012AY,2021
,,,,2021-012AZ,2021
,,,,2021-012B,2021
,,,,2021-012BA,2021
,,,,2021-012BB,2021
,,,,2021-012BC,2021
,,,,2021-012BD,2021
,,,,2021-012BE,2021
,,,,2021-012BF,2021
,,,,2021-012BG,2021
,,,,2021-012BH,2021
,,,,2021-012BJ,2021
,,,,2021-012BK,2021
,,,,2021-012BM,2021
,,,,2021-012C,2021
,,,,2021-012D,2021
,,,,2021-012E,2021
,,,,2021-012F,2021
,,,,2021-012G,2021
,,,,2021-012H,2021
,,,,2021-012J,2021
,,,,2021-012K,2021
,,,,2021-012L,2021
,,,,2021-012N,2021
,,,,2021-012P,2021
,,,,2021-012Q,2021
,,,,2021-012R,2021
,,,,2021-012S,2021
,,,,2021-012T,2021
,,,,2021-012U,2021
,,,,2021-012V,2021
,,,,2021-012W,2021
,,,,2021-012X,2021
,,,,2021-012Y,2021
,,,,2021-012Z,2021
,,,,2021-013C,2021
,,,,2021-013D,2021
,,,,2021-013E,2021
,,,,2021-017A,2021
,,,,2021-017AA,2021
,,,,2021-017AB,2021
,,,,2021-017AC,2021
,,,,2021-017AD,2021
,,,,2021-017AE,2021
,,,,2021-017AF,2021
,,,,2021-017AG,2021
,,,,2021-017AH,2021
,,,,2021-017AJ,2021
,,,,2021-017AL,2021
,,,,2021-017AM,2021
,,,,2021-017AQ,2021
,,,,2021-017AR,2021
,,,,2021-017AS,2021
,,,,2021-017AT,2021
,,,,2021-017AU,2021
,,,,2021-017AW,2021
,,,,2021-017AX,2021
,,,,2021-017AY,2021
,,,,2021-017AZ,2021
,,,,2021-017B,2021
,,,,2021-017BA,2021
,,,,2021-017BB,2021
,,,,2021-017BC,2021
,,,,2021-017BD,2021
,,,,2021-017BE,2021
,,,,2021-017BF,2021
,,,,2021-017BG,2021
,,,,2021-017BH,2021
,,,,2021-017BJ,2021
,,,,2021-017BK,2021
,,,,2021-017BL,2021
,,,,2021-017BM,2021
,,,,2021-017C,2021
,,,,2021-017D,2021
,,,,2021-017E,2021
,,,,2021-017F,2021
,,,,2021-017G,2021
,,,,2021-017H,2021
,,,,2021-017J,2021
,,,,2021-017K,2021
,,,,2021-017L,2021
,,,,2021-017M,2021
,,,,2021-017N,2021
,,,,2021-017P,2021
,,,,2021-017Q,2021
,,,,2021-017R,2021
,,,,2021-017S,2021
,,,,2021-017T,2021
,,,,2021-017U,2021
,,,,2021-017V,2021
,,,,2021-017W,2021
,,,,2021-017X,2021
,,,,2021-017Y,2021
,,,,2021-017Z,2021
,,,,2021-018A,2021
,,,,2021-018AA,2021
,,,,2021-018AB,2021
,,,,2021-018AC,2021
,,,,2021-018AD,2021
,,,,2021-018AE,2021
,,,,2021-018AF,2021
,,,,2021-018AG,2021
,,,,2021-018AH,2021
,,,,2021-018AJ,2021
,,,,2021-018AK,2021
,,,,2021-018AL,2021
,,,,2021-018AM,2021
,,,,2021-018AN,2021
,,,,2021-018AP,2021
,,,,2021-018AQ,2021
,,,,2021-018AR,2021
,,,,2021-018AS,2021
,,,,2021-018AT,2021
,,,,2021-018AU,2021
,,,,2021-018AV,2021
,,,,2021-018AW,2021
,,,,2021-018AX,2021
,,,,2021-018AY,2021
,,,,2021-018AZ,2021
,,,,2021-018B,2021
,,,,2021-018BA,2021
,,,,2021-018BB,2021
,,,,2021-018BC,2021
,,,,2021-018BD,2021
,,,,2021-018BE,2021
,,,,2021-018BF,2021
,,,,2021-018BG,2021
,,,,2021-018BH,2021
,,,,2021-018BJ,2021
,,,,2021-018BK,2021
,,,,2021-018BL,2021
,,,,2021-018BM,2021
,,,,2021-018C,2021
,,,,2021-018D,2021
,,,,2021-018E,2021
,,,,2021-018F,2021
,,,,2021-018G,2021
,,,,2021-018H,2021
,,,,2021-018J,2021
,,,,2021-018K,2021
,,,,2021-018L,2021
,,,,2021-018M,2021
,,,,2021-018N,2021
,,,,2021-018P,2021
,,,,2021-018Q,2021
,,,,2021-018R,2021
,,,,2021-018S,2021
,,,,2021-018T,2021
,,,,2021-018U,2021
,,,,2021-018V,2021
,,,,2021-018W,2021
,,,,2021-018X,2021
,,,,2021-018Y,2021
,,,,2021-018Z,2021
,,,,2021-021A,2021
,,,,2021-021AA,2021
,,,,2021-021AB,2021
,,,,2021-021AC,2021
,,,,2021-021AD,2021
,,,,2021-021AE,2021
,,,,2021-021AF,2021
,,,,2021-021AG,2021
,,,,2021-021AH,2021
,,,,2021-021AJ,2021
,,,,2021-021AL,2021
,,,,2021-021AM,2021
,,,,2021-021AN,2021
,,,,2021-021AP,2021
,,,,2021-021AQ,2021
,,,,2021-021AR,2021
,,,,2021-021AS,2021
,,,,2021-021AT,2021
,,,,2021-021AU,2021
,,,,2021-021AV,2021
,,,,2021-021AW,2021
,,,,2021-021AX,2021
,,,,2021-021AY,2021
,,,,2021-021AZ,2021
,,,,2021-021B,2021
,,,,2021-021BA,2021
,,,,2021-021BB,2021
,,,,2021-021BC,2021
,,,,2021-021BD,2021
,,,,2021-021BE,2021
,,,,2021-021BF,2021
,,,,2021-021BG,2021
,,,,2021-021BH,2021
,,,,2021-021BJ,2021
,,,,2021-021BK,2021
,,,,2021-021BL,2021
,,,,2021-021BM,2021
,,,,2021-021C,2021
,,,,2021-021D,2021
,,,,2021-021E,2021
,,,,2021-021F,2021
,,,,2021-021G,2021
,,,,2021-021H,2021
,,,,2021-021J,2021
,,,,2021-021K,2021
,,,,2021-021L,2021
,,,,2021-021M,2021
,,,,2021-021N,2021
,,,,2021-021P,2021
,,,,2021-021Q,2021
,,,,2021-021R,2021
,,,,2021-021S,2021
,,,,2021-021T,2021
,,,,2021-021U,2021
,,,,2021-021V,2021
,,,,2021-021W,2021
,,,,2021-021X,2021
,,,,2021-021Y,2021
,,,,2021-021Z,2021
,,,,2021-023E,2021
,,,,2021-023G,2021
,,,,2021-023H,2021
,,,,2021-024A,2021
,,,,2021-024AB,2021
,,,,2021-024AC,2021
,,,,2021-024AE,2021
,,,,2021-024AH,2021
,,,,2021-024AJ,2021
,,,,2021-024AK,2021
,,,,2021-024AL,2021
,,,,2021-024AM,2021
,,,,2021-024AN,2021
,,,,2021-024AP,2021
,,,,2021-024AR,2021
,,,,2021-024AT,2021
,,,,2021-024AU,2021
,,,,2021-024AV,2021
,,,,2021-024AW,2021
,,,,2021-024AX,2021
,,,,2021-024AY,2021
,,,,2021-024B,2021
,,,,2021-024BB,2021
,,,,2021-024BC,2021
,,,,2021-024BD,2021
,,,,2021-024BE,2021
,,,,2021-024BF,2021
,,,,2021-024BG,2021
,,,,2021-024BJ,2021
,,,,2021-024BK,2021
,,,,2021-024BM,2021
,,,,2021-024C,2021
,,,,2021-024D,2021
,,,,2021-024E,2021
,,,,2021-024F,2021
,,,,2021-024J,2021
,,,,2021-024N,2021
,,,,2021-024P,2021
,,,,2021-024Q,2021
,,,,2021-024R,2021
,,,,2021-024S,2021
,,,,2021-024T,2021
,,,,2021-024U,2021
,,,,2021-024V,2021
,,,,2021-024W,2021
,,,,2021-024X,2021
,,,,2021-024Y,2021
,,,,2021-024Z,2021
,,,,2021-027A,2021
,,,,2021-027AA,2021
,,,,2021-027AB,2021
,,,,2021-027AC,2021
,,,,2021-027AD,2021
,,,,2021-027AE,2021
,,,,2021-027AF,2021
,,,,2021-027AG,2021
,,,,2021-027AH,2021
,,,,2021-027AJ,2021
,,,,2021-027AK,2021
,,,,2021-027AL,2021
,,,,2021-027AM,2021
,,,,2021-027AN,2021
,,,,2021-027AP,2021
,,,,2021-027AQ,2021
,,,,2021-027AR,2021
,,,,2021-027AS,2021
,,,,2021-027AT,2021
,,,,2021-027AU,2021
,,,,2021-027AV,2021
,,,,2021-027AW,2021
,,,,2021-027AX,2021
,,,,2021-027AY,2021
,,,,2021-027AZ,2021
,,,,2021-027B,2021
,,,,2021-027BA,2021
,,,,2021-027BB,2021
,,,,2021-027BC,2021
,,,,2021-027BD,2021
,,,,2021-027BE,2021
,,,,2021-027BF,2021
,,,,2021-027BG,2021
,,,,2021-027BH,2021
,,,,2021-027BJ,2021
,,,,2021-027BK,2021
,,,,2021-027BL,2021
,,,,2021-027BM,2021
,,,,2021-027C,2021
,,,,2021-027D,2021
,,,,2021-027E,2021
,,,,2021-027F,2021
,,,,2021-027G,2021
,,,,2021-027H,2021
,,,,2021-027J,2021
,,,,2021-027K,2021
,,,,2021-027L,2021
,,,,2021-027M,2021
,,,,2021-027N,2021
,,,,2021-027P,2021
,,,,2021-027Q,2021
,,,,2021-027R,2021
,,,,2021-027S,2021
,,,,2021-027T,2021
,,,,2021-027U,2021
,,,,2021-027V,2021
,,,,2021-027W,2021
,,,,2021-027X,2021
,,,,2021-027Y,2021
,,,,2021-027Z,2021
,,,,2021-034F,2021
,,,,2021-036A,2021
,,,,2021-036AA,2021
,,,,2021-036AB,2021
,,,,2021-036AC,2021
,,,,2021-036AD,2021
,,,,2021-036AE,2021
,,,,2021-036AF,2021
,,,,2021-036AG,2021
,,,,2021-036AH,2021
,,,,2021-036AJ,2021
,,,,2021-036AK,2021
,,,,2021-036AL,2021
,,,,2021-036AM,2021
,,,,2021-036AN,2021
,,,,2021-036AP,2021
,,,,2021-036AQ,2021
,,,,2021-036AR,2021
,,,,2021-036AS,2021
,,,,2021-036AT,2021
,,,,2021-036AU,2021
,,,,2021-036AV,2021
,,,,2021-036AW,2021
,,,,2021-036AX,2021
,,,,2021-036AY,2021
,,,,2021-036AZ,2021
,,,,2021-036B,2021
,,,,2021-036BA,2021
,,,,2021-036BB,2021
,,,,2021-036BC,2021
,,,,2021-036BD,2021
,,,,2021-036BE,2021
,,,,2021-036BF,2021
,,,,2021-036BG,2021
,,,,2021-036BH,2021
,,,,2021-036BJ,2021
,,,,2021-036BK,2021
,,,,2021-036BL,2021
,,,,2021-036BM,2021
,,,,2021-036C,2021
,,,,2021-036D,2021
,,,,2021-036E,2021
,,,,2021-036F,2021
,,,,2021-036G,2021
,,,,2021-036H,2021
,,,,2021-036J,2021
,,,,2021-036K,2021
,,,,2021-036L,2021
,,,,2021-036M,2021
,,,,2021-036N,2021
,,,,2021-036P,2021
,,,,2021-036Q,2021
,,,,2021-036R,2021
,,,,2021-036S,2021
,,,,2021-036T,2021
,,,,2021-036U,2021
,,,,2021-036V,2021
,,,,2021-036W,2021
,,,,2021-036X,2021
,,,,2021-036Y,2021
,,,,2021-036Z,2021
,,,,2021-038A,2021
,,,,2021-038AA,2021
,,,,2021-038AB,2021
,,,,2021-038AC,2021
,,,,2021-038AD,2021
,,,,2021-038AE,2021
,,,,2021-038AF,2021
,,,,2021-038AG,2021
,,,,2021-038AH,2021
,,,,2021-038AJ,2021
,,,,2021-038AK,2021
,,,,2021-038AL,2021
,,,,2021-038AM,2021
,,,,2021-038AN,2021
,,,,2021-038AP,2021
,,,,2021-038AQ,2021
,,,,2021-038AR,2021
,,,,2021-038AS,2021
,,,,2021-038AT,2021
,,,,2021-038AU,2021
,,,,2021-038AV,2021
,,,,2021-038AW,2021
,,,,2021-038AX,2021
,,,,2021-038AY,2021
,,,,2021-038AZ,2021
,,,,2021-038B,2021
,,,,2021-038BA,2021
,,,,2021-038BB,2021
,,,,2021-038BC,2021
,,,,2021-038BD,2021
,,,,2021-038BE,2021
,,,,2021-038BF,2021
,,,,2021-038BG,2021
,,,,2021-038BH,2021
,,,,2021-038BJ,2021
,,,,2021-038BK,2021
,,,,2021-038BL,2021
,,,,2021-038BM,2021
,,,,2021-038C,2021
,,,,2021-038D,2021
,,,,2021-038E,2021
,,,,2021-038F,2021
,,,,2021-038G,2021
,,,,2021-038H,2021
,,,,2021-038J,2021
,,,,2021-038K,2021
,,,,2021-038L,2021
,,,,2021-038M,2021
,,,,2021-038N,2021
,,,,2021-038P,2021
,,,,2021-038Q,2021
,,,,2021-038R,2021
,,,,2021-038S,2021
,,,,2021-038T,2021
,,,,2021-038U,2021
,,,,2021-038V,2021
,,,,2021-038W,2021
,,,,2021-038X,2021
,,,,2021-038Y,2021
,,,,2021-038Z,2021
,,,,2021-040A,2021
,,,,2021-040AA,2021
,,,,2021-040AB,2021
,,,,2021-040AC,2021
,,,,2021-040AD,2021
,,,,2021-040AE,2021
,,,,2021-040AG,2021
,,,,2021-040AH,2021
,,,,2021-040AJ,2021
,,,,2021-040AK,2021
,,,,2021-040AL,2021
,,,,2021-040AM,2021
,,,,2021-040AN,2021
,,,,2021-040AP,2021
,,,,2021-040AQ,2021
,,,,2021-040AR,2021
,,,,2021-040AS,2021
,,,,2021-040AT,2021
,,,,2021-040AU,2021
,,,,2021-040AV,2021
,,,,2021-040AW,2021
,,,,2021-040AX,2021
,,,,2021-040AY,2021
,,,,2021-040AZ,2021
,,,,2021-040B,2021
,,,,2021-040BA,2021
,,,,2021-040BC,2021
,,,,2021-040BD,2021
,,,,2021-040BE,2021
,,,,2021-040BF,2021
,,,,2021-040BG,2021
,,,,2021-040BH,2021
,,,,2021-040BJ,2021
,,,,2021-040BK,2021
,,,,2021-040BL,2021
,,,,2021-040BM,2021
,,,,2021-040C,2021
,,,,2021-040D,2021
,,,,2021-040E,2021
,,,,2021-040F,2021
,,,,2021-040G,2021
,,,,2021-040H,2021
,,,,2021-040J,2021
,,,,2021-040K,2021
,,,,2021-040L,2021
,,,,2021-040M,2021
,,,,2021-040N,2021
,,,,2021-040P,2021
,,,,2021-040Q,2021
,,,,2021-040R,2021
,,,,2021-040S,2021
,,,,2021-040T,2021
,,,,2021-040U,2021
,,,,2021-040V,2021
,,,,2021-040W,2021
,,,,2021-040X,2021
,,,,2021-040Y,2021
,,,,2021-040Z,2021
,,,,2021-041A,2021
,,,,2021-041AA,2021
,,,,2021-041AB,2021
,,,,2021-041AC,2021
,,,,2021-041AD,2021
,,,,2021-041AE,2021
,,,,2021-041AF,2021
,,,,2021-041AG,2021
,,,,2021-041AH,2021
,,,,2021-041AJ,2021
,,,,2021-041AK,2021
,,,,2021-041AL,2021
,,,,2021-041AM,2021
,,,,2021-041AN,2021
,,,,2021-041AQ,2021
,,,,2021-041AR,2021
,,,,2021-041AS,2021
,,,,2021-041AT,2021
,,,,2021-041AU,2021
,,,,2021-041AV,2021
,,,,2021-041AW,2021
,,,,2021-041AX,2021
,,,,2021-041AY,2021
,,,,2021-041AZ,2021
,,,,2021-041B,2021
,,,,2021-041BB,2021
,,,,2021-041BC,2021
,,,,2021-041BD,2021
,,,,2021-041BE,2021
,,,,2021-041BF,2021
,,,,2021-041BG,2021
,,,,2021-041BH,2021
,,,,2021-041BJ,2021
,,,,2021-041BK,2021
,,,,2021-041BL,2021
,,,,2021-041C,2021
,,,,2021-041D,2021
,,,,2021-041E,2021
,,,,2021-041F,2021
,,,,2021-041G,2021
,,,,2021-041J,2021
,,,,2021-041K,2021
,,,,2021-041L,2021
,,,,2021-041M,2021
,,,,2021-041N,2021
,,,,2021-041P,2021
,,,,2021-041Q,2021
,,,,2021-041R,2021
,,,,2021-041S,2021
,,,,2021-041T,2021
,,,,2021-041U,2021
,,,,2021-041V,2021
,,,,2021-041W,2021
,,,,2021-041X,2021
,,,,2021-041Y,2021
,,,,2021-041Z,2021
,,,,2021-042A,2021
,,,,2021-044A,2021
,,,,2021-044AA,2021
,,,,2021-044AB,2021
,,,,2021-044AC,2021
,,,,2021-044AD,2021
,,,,2021-044AE,2021
,,,,2021-044AF,2021
,,,,2021-044AG,2021
,,,,2021-044AH,2021
,,,,2021-044AJ,2021
,,,,2021-044AK,2021
,,,,2021-044AL,2021
,,,,2021-044AM,2021
,,,,2021-044AN,2021
,,,,2021-044AP,2021
,,,,2021-044AQ,2021
,,,,2021-044AR,2021
,,,,2021-044AS,2021
,,,,2021-044AT,2021
,,,,2021-044AU,2021
,,,,2021-044AV,2021
,,,,2021-044AW,2021
,,,,2021-044AX,2021
,,,,2021-044AY,2021
,,,,2021-044AZ,2021
,,,,2021-044B,2021
,,,,2021-044BA,2021
,,,,2021-044BB,2021
,,,,2021-044BC,2021
,,,,2021-044BD,2021
,,,,2021-044BE,2021
,,,,2021-044BF,2021
,,,,2021-044BG,2021
,,,,2021-044BH,2021
,,,,2021-044BJ,2021
,,,,2021-044BK,2021
,,,,2021-044BL,2021
,,,,2021-044BM,2021
,,,,2021-044C,2021
,,,,2021-044D,2021
,,,,2021-044E,2021
,,,,2021-044F,2021
,,,,2021-044G,2021
,,,,2021-044H,2021
,,,,2021-044J,2021
,,,,2021-044K,2021
,,,,2021-044L,2021
,,,,2021-044M,2021
,,,,2021-044N,2021
,,,,2021-044P,2021
,,,,2021-044Q,2021
,,,,2021-044R,2021
,,,,2021-044S,2021
,,,,2021-044T,2021
,,,,2021-044U,2021
,,,,2021-044V,2021
,,,,2021-044W,2021
,,,,2021-044X,2021
,,,,2021-044Y,2021
,,,,2021-044Z,2021
,,,,2021-049A,2021
,,,,2021-049B,2021
,,,,2021-051A,2021
,,,,2021-051B,2021
,,,,2021-054A,2021
,,,,2021-058H,2021
,,,,2021-059A,2021
,,,,2021-059AA,2021
,,,,2021-059AD,2021
,,,,2021-059AE,2021
,,,,2021-059AF,2021
,,,,2021-059AH,2021
,,,,2021-059AJ,2021
,,,,2021-059AL,2021
,,,,2021-059AN,2021
,,,,2021-059B,2021
,,,,2021-059BE,2021
,,,,2021-059BM,2021
,,,,2021-059BQ,2021
,,,,2021-059BX,2021
,,,,2021-059C,2021
,,,,2021-059CA,2021
,,,,2021-059CF,2021
,,,,2021-059CG,2021
,,,,2021-059CH,2021
,,,,2021-059S,2021
,,,,2021-059Y,2021
,,,,2021-059Z,2021
,,,,2021-068A,2021
,,,,2021-068C,2021
,,,,2021-082AA,2021
,,,,2021-082AB,2021
,,,,2021-082AC,2021
,,,,2021-082AD,2021
,,,,2021-082AE,2021
,,,,2021-082AF,2021
,,,,2021-082AG,2021
,,,,2021-082AH,2021
,,,,2021-082AJ,2021
,,,,2021-082AK,2021
,,,,2021-082AL,2021
,,,,2021-082AM,2021
,,,,2021-082AN,2021
,,,,2021-082AP,2021
,,,,2021-082AQ,2021
,,,,2021-082AR,2021
,,,,2021-082AS,2021
,,,,2021-082AT,2021
,,,,2021-082AU,2021
,,,,2021-082AV,2021
,,,,2021-082AW,2021
,,,,2021-082AX,2021
,,,,2021-082AY,2021
,,,,2021-082AZ,2021
,,,,2021-082B,2021
,,,,2021-082BA,2021
,,,,2021-082BB,2021
,,,,2021-082BC,2021
,,,,2021-082BD,2021
,,,,2021-082C,2021
,,,,2021-082D,2021
,,,,2021-082E,2021
,,,,2021-082F,2021
,,,,2021-082G,2021
,,,,2021-082H,2021
,,,,2021-082J,2021
,,,,2021-082K,2021
,,,,2021-082L,2021
,,,,2021-082M,2021
,,,,2021-082N,2021
,,,,2021-082P,2021
,,,,2021-082Q,2021
,,,,2021-082R,2021
,,,,2021-082S,2021
,,,,2021-082T,2021
,,,,2021-082U,2021
,,,,2021-082V,2021
,,,,2021-082W,2021
,,,,2021-082X,2021
,,,,2021-082Y,2021
,,,,2021-082Z,2021
,,,,2021-088A,2021
,,,,2021-088B,2021
,,,,2021-088C,2021
,,,,2021-088D,2021
,,,,2021-104A,2021
,,,,2021-104AA,2021
,,,,2021-104AB,2021
,,,,2021-104AC,2021
,,,,2021-104AD,2021
,,,,2021-104AE,2021
,,,,2021-104AF,2021
,,,,2021-104AG,2021
,,,,2021-104AH,2021
,,,,2021-104AJ,2021
,,,,2021-104AK,2021
,,,,2021-104AL,2021
,,,,2021-104AM,2021
,,,,2021-104AN,2021
,,,,2021-104AP,2021
,,,,2021-104AQ,2021
,,,,2021-104AR,2021
,,,,2021-104AS,2021
,,,,2021-104AT,2021
,,,,2021-104AU,2021
,,,,2021-104AV,2021
,,,,2021-104AW,2021
,,,,2021-104AX,2021
,,,,2021-104AY,2021
,,,,2021-104AZ,2021
,,,,2021-104B,2021
,,,,2021-104BA,2021
,,,,2021-104BB,2021
,,,,2021-104BC,2021
,,,,2021-104BD,2021
,,,,2021-104BE,2021
,,,,2021-104C,2021
,,,,2021-104D,2021
,,,,2021-104E,2021
,,,,2021-104F,2021
,,,,2021-104G,2021
,,,,2021-104H,2021
,,,,2021-104J,2021
,,,,2021-104K,2021
,,,,2021-104L,2021
,,,,2021-104M,2021
,,,,2021-104N,2021
,,,,2021-104P,2021
,,,,2021-104Q,2021
,,,,2021-104R,2021
,,,,2021-104S,2021
,,,,2021-104T,2021
,,,,2021-104U,2021
,,,,2021-104V,2021
,,,,2021-104W,2021
,,,,2021-104Y,2021
,,,,2021-104Z,2021
,,,,2021-106A,2021
,,,,2021-106B,2021
,,,,2021-108A,2021
,,,,2021-115A,2021
,,,,2021-115AA,2021
,,,,2021-115AB,2021
,,,,2021-115AC,2021
,,,,2021-115AD,2021
,,,,2021-115AE,2021
,,,,2021-115AF,2021
,,,,2021-115AG,2021
,,,,2021-115AH,2021
,,,,2021-115AJ,2021
,,,,2021-115AK,2021
,,,,2021-115AL,2021
,,,,2021-115AM,2021
,,,,2021-115AN,2021
,,,,2021-115AP,2021
,,,,2021-115AQ,2021
,,,,2021-115AR,2021
,,,,2021-115AS,2021
,,,,2021-115AT,2021
,,,,2021-115AU,2021
,,,,2021-115AV,2021
,,,,2021-115AW,2021
,,,,2021-115AX,2021
,,,,2021-115AY,2021
,,,,2021-115AZ,2021
,,,,2021-115B,2021
,,,,2021-115BA,2021
,,,,2021-115BB,2021
,,,,2021-115BC,2021
,,,,2021-115BD,2021
,,,,2021-115BE,2021
,,,,2021-115BF,2021
,,,,2021-115BG,2021
,,,,2021-115C,2021
,,,,2021-115D,2021
,,,,2021-115E,2021
,,,,2021-115F,2021
,,,,2021-115G,2021
,,,,2021-115H,2021
,,,,2021-115J,2021
,,,,2021-115K,2021
,,,,2021-115L,2021
,,,,2021-115M,2021
,,,,2021-115N,2021
,,,,2021-115P,2021
,,,,2021-115Q,2021
,,,,2021-115R,2021
,,,,2021-115S,2021
,,,,2021-115T,2021
,,,,2021-115U,2021
,,,,2021-115V,2021
,,,,2021-115W,2021
,,,,2021-115X,2021
,,,,2021-115Y,2021
,,,,2021-115Z,2021
,,,,2021-118A,2021
,,,,2021-118B,2021
,,,,2021-118C,2021
,,,,2021-118D,2021
,,,,2021-118E,2021
,,,,2021-120A,2021
,,,,2021-120B,2021
,,,,2021-121A,2021
,,,,2021-125A,2021
,,,,2021-125AA,2021
,,,,2021-125AB,2021
,,,,2021-125AC,2021
,,,,2021-125AD,2021
,,,,2021-125AF,2021
,,,,2021-125AG,2021
,,,,2021-125AH,2021
,,,,2021-125AJ,2021
,,,,2021-125AK,2021
,,,,2021-125AL,2021
,,,,2021-125AM,2021
,,,,2021-125AN,2021
,,,,2021-125AP,2021
,,,,2021-125AQ,2021
,,,,2021-125AR,2021
,,,,2021-125AS,2021
,,,,2021-125AT,2021
,,,,2021-125AU,2021
,,,,2021-125AV,2021
,,,,2021-125AW,2021
,,,,2021-125AX,2021
,,,,2021-125AY,2021
,,,,2021-125AZ,2021
,,,,2021-125B,2021
,,,,2021-125BA,2021
,,,,2021-125BB,2021
,,,,2021-125BC,2021
,,,,2021-125BD,2021
,,,,2021-125C,2021
,,,,2021-125D,2021
,,,,2021-125E,2021
,,,,2021-125F,2021
,,,,2021-125G,2021
,,,,2021-125H,2021
,,,,2021-125K,2021
,,,,2021-125L,2021
,,,,2021-125M,2021
,,,,2021-125N,2021
,,,,2021-125P,2021
,,,,2021-125Q,2021
,,,,2021-125R,2021
,,,,2021-125S,2021
,,,,2021-125T,2021
,,,,2021-125U,2021
,,,,2021-125V,2021
,,,,2021-125W,2021
,,,,2021-125X,2021
,,,,2021-125Y,2021
,,,,2021-125Z,2021
,,,,2022-001A,2022
,,,,2022-001AA,2022
,,,,2022-001AB,2022
,,,,2022-001AC,2022
,,,,2022-001AD,2022
,,,,2022-001AE,2022
,,,,2022-001AF,2022
,,,,2022-001AG,2022
,,,,2022-001AH,2022
,,,,2022-001AJ,2022
,,,,2022-001AK,2022
,,,,2022-001AL,2022
,,,,2022-001AM,2022
,,,,2022-001AN,2022
,,,,2022-001AP,2022
,,,,2022-001AQ,2022
,,,,2022-001AR,2022
,,,,2022-001AS,2022
,,,,2022-001AT,2022
,,,,2022-001AU,2022
,,,,2022-001AV,2022
,,,,2022-001AW,2022
,,,,2022-001AX,2022
,,,,2022-001AY,2022
,,,,2022-001AZ,2022
,,,,2022-001B,2022
,,,,2022-001BA,2022
,,,,2022-001C,2022
,,,,2022-001D,2022
,,,,2022-001E,2022
,,,,2022-001F,2022
,,,,2022-001G,2022
,,,,2022-001H,2022
,,,,2022-001J,2022
,,,,2022-001K,2022
,,,,2022-001L,2022
,,,,2022-001M,2022
,,,,2022-001N,2022
,,,,2022-001P,2022
,,,,2022-001Q,2022
,,,,2022-001R,2022
,,,,2022-001S,2022
,,,,2022-001T,2022
,,,,2022-001U,2022
,,,,2022-001V,2022
,,,,2022-001W,2022
,,,,2022-001X,2022
,,,,2022-001Y,2022
,,,,2022-001Z,2022
,,,,2022-002AC,2022
,,,,2022-002AE,2022
,,,,2022-002AH,2022
,,,,2022-002AJ,2022
,,,,2022-002AK,2022
,,,,2022-002AL,2022
,,,,2022-002AN,2022
,,,,2022-002AR,2022
,,,,2022-002AS,2022
,,,,2022-002AW,2022
,,,,2022-002AX,2022
,,,,2022-002BC,2022
,,,,2022-002BD,2022
,,,,2022-002BE,2022
,,,,2022-002BF,2022
,,,,2022-002BH,2022
,,,,2022-002BJ,2022
,,,,2022-002BK,2022
,,,,2022-002BL,2022
,,,,2022-002BM,2022
,,,,2022-002BP,2022
,,,,2022-002BT,2022
,,,,2022-002BW,2022
,,,,2022-002BY,2022
,,,,2022-002BZ,2022
,,,,2022-002C,2022
,,,,2022-002CA,2022
,,,,2022-002CL,2022
,,,,2022-002CQ,2022
,,,,2022-002CR,2022
,,,,2022-002CS,2022
,,,,2022-002CV,2022
,,,,2022-002CX,2022
,,,,2022-002CY,2022
,,,,2022-002CZ,2022
,,,,2022-002DE,2022
,,,,2022-002J,2022
,,,,2022-002L,2022
,,,,2022-002N,2022
,,,,2022-002P,2022
,,,,2022-002S,2022
,,,,2022-002X,2022
,,,,2022-002Y,2022
,,,,2022-002Z,2022
,,,,2022-003H,2022
,,,,2022-005A,2022
,,,,2022-005AA,2022
,,,,2022-005AB,2022
,,,,2022-005AC,2022
,,,,2022-005AD,2022
,,,,2022-005AE,2022
,,,,2022-005AF,2022
,,,,2022-005AG,2022
,,,,2022-005AH,2022
,,,,2022-005AJ,2022
,,,,2022-005AK,2022
,,,,2022-005AL,2022
,,,,2022-005AM,2022
,,,,2022-005AN,2022
,,,,2022-005AP,2022
,,,,2022-005AQ,2022
,,,,2022-005AR,2022
,,,,2022-005AS,2022
,,,,2022-005AT,2022
,,,,2022-005AU,2022
,,,,2022-005AV,2022
,,,,2022-005AW,2022
,,,,2022-005AX,2022
,,,,2022-005AY,2022
,,,,2022-005AZ,2022
,,,,2022-005B,2022
,,,,2022-005BA,2022
,,,,2022-005C,2022
,,,,2022-005D,2022
,,,,2022-005E,2022
,,,,2022-005F,2022
,,,,2022-005G,2022
,,,,2022-005H,2022
,,,,2022-005J,2022
,,,,2022-005K,2022
,,,,2022-005L,2022
,,,,2022-005M,2022
,,,,2022-005N,2022
,,,,2022-005P,2022
,,,,2022-005Q,2022
,,,,2022-005R,2022
,,,,2022-005S,2022
,,,,2022-005T,2022
,,,,2022-005U,2022
,,,,2022-005V,2022
,,,,2022-005W,2022
,,,,2022-005X,2022
,,,,2022-005Y,2022
,,,,2022-005Z,2022
,,,,2022-010E,2022
,,,,2022-010F,2022
,,,,2022-010G,2022
,,,,2022-010H,2022
,,,,2022-010J,2022
,,,,2022-010K,2022
,,,,2022-010M,2022
,,,,2022-010N,2022
,,,,2022-010P,2022
,,,,2022-010R,2022
,,,,2022-010S,2022
,,,,2022-016A,2022
,,,,2022-016AA,2022
,,,,2022-016AB,2022
,,,,2022-016AC,2022
,,,,2022-016AD,2022
,,,,2022-016AE,2022
,,,,2022-016AF,2022
,,,,2022-016AG,2022
,,,,2022-016AH,2022
,,,,2022-016AJ,2022
,,,,2022-016AK,2022
,,,,2022-016AL,2022
,,,,2022-016AM,2022
,,,,2022-016AN,2022
,,,,2022-016AP,2022
,,,,2022-016AQ,2022
,,,,2022-016AR,2022
,,,,2022-016AS,2022
,,,,2022-016AT,2022
,,,,2022-016AU,2022
,,,,2022-016AV,2022
,,,,2022-016AW,2022
,,,,2022-016AX,2022
,,,,2022-016B,2022
,,,,2022-016C,2022
,,,,2022-016D,2022
,,,,2022-016E,2022
,,,,2022-016F,2022
,,,,2022-016G,2022
,,,,2022-016H,2022
,,,,2022-016J,2022
,,,,2022-016K,2022
,,,,2022-016L,2022
,,,,2022-016M,2022
,,,,2022-016N,2022
,,,,2022-016P,2022
,,,,2022-016Q,2022
,,,,2022-016R,2022
,,,,2022-016S,2022
,,,,2022-016T,2022
,,,,2022-016U,2022
,,,,2022-016V,2022
,,,,2022-016W,2022
,,,,2022-016X,2022
,,,,2022-016Y,2022
,,,,2022-016Z,2022
,,,,2022-017A,2022
,,,,2022-017AA,2022
,,,,2022-017AB,2022
,,,,2022-017AC,2022
,,,,2022-017AD,2022
,,,,2022-017AE,2022
,,,,2022-017AF,2022
,,,,2022-017AG,2022
,,,,2022-017AH,2022
,,,,2022-017AJ,2022
,,,,2022-017AK,2022
,,,,2022-017AL,2022
,,,,2022-017AM,2022
,,,,2022-017AN,2022
,,,,2022-017AP,2022
,,,,2022-017AQ,2022
,,,,2022-017AR,2022
,,,,2022-017AS,2022
,,,,2022-017AT,2022
,,,,2022-017AU,2022
,,,,2022-017AV,2022
,,,,2022-017AW,2022
,,,,2022-017AX,2022
,,,,2022-017AY,2022
,,,,2022-017AZ,2022
,,,,2022-017B,2022
,,,,2022-017BA,2022
,,,,2022-017BB,2022
,,,,2022-017C,2022
,,,,2022-017D,2022
,,,,2022-017E,2022
,,,,2022-017F,2022
,,,,2022-017G,2022
,,,,2022-017H,2022
,,,,2022-017J,2022
,,,,2022-017K,2022
,,,,2022-017L,2022
,,,,2022-017M,2022
,,,,2022-017N,2022
,,,,2022-017P,2022
,,,,2022-017Q,2022
,,,,2022-017R,2022
,,,,2022-017S,2022
,,,,2022-017T,2022
,,,,2022-017U,2022
,,,,2022-017V,2022
,,,,2022-017W,2022
,,,,2022-017X,2022
,,,,2022-017Y,2022
,,,,2022-017Z,2022
,,,,2022-020B,2022
,,,,2022-021A,2022
,,,,2022-021B,2022
,,,,2022-022A,2022
,,,,2022-022AA,2022
,,,,2022-022AB,2022
,,,,2022-022AC,2022
,,,,2022-022AD,2022
,,,,2022-022AE,2022
,,,,2022-022AF,2022
,,,,2022-022AG,2022
,,,,2022-022AH,2022
,,,,2022-022AJ,2022
,,,,2022-022AK,2022
,,,,2022-022AL,2022
,,,,2022-022AM,2022
,,,,2022-022AN,2022
,,,,2022-022AP,2022
,,,,2022-022AQ,2022
,,,,2022-022AR,2022
,,,,2022-022AS,2022
,,,,2022-022AT,2022
,,,,2022-022AU,2022
,,,,2022-022AV,2022
,,,,2022-022AW,2022
,,,,2022-022AX,2022
,,,,2022-022AY,2022
,,,,2022-022B,2022
,,,,2022-022C,2022
,,,,2022-022D,2022
,,,,2022-022E,2022
,,,,2022-022F,2022
,,,,2022-022G,2022
,,,,2022-022H,2022
,,,,2022-022J,2022
,,,,2022-022K,2022
,,,,2022-022L,2022
,,,,2022-022M,2022
,,,,2022-022N,2022
,,,,2022-022P,2022
,,,,2022-022Q,2022
,,,,2022-022R,2022
,,,,2022-022S,2022
,,,,2022-022T,2022
,,,,2022-022U,2022
,,,,2022-022V,2022
,,,,2022-022W,2022
,,,,2022-022X,2022
,,,,2022-022Y,2022
,,,,2022-022Z,2022
,,,,2022-025A,2022
,,,,2022-025AA,2022
,,,,2022-025AB,2022
,,,,2022-025AC,2022
,,,,2022-025AD,2022
,,,,2022-025AE,2022
,,,,2022-025AF,2022
,,,,2022-025AG,2022
,,,,2022-025AH,2022
,,,,2022-025AJ,2022
,,,,2022-025AK,2022
,,,,2022-025AL,2022
,,,,2022-025AM,2022
,,,,2022-025AN,2022
,,,,2022-025AP,2022
,,,,2022-025AQ,2022
,,,,2022-025AR,2022
,,,,2022-025AS,2022
,,,,2022-025AT,2022
,,,,2022-025AU,2022
,,,,2022-025AV,2022
,,,,2022-025AW,2022
,,,,2022-025AX,2022
,,,,2022-025AY,2022
,,,,2022-025AZ,2022
,,,,2022-025B,2022
,,,,2022-025C,2022
,,,,2022-025D,2022
,,,,2022-025E,2022
,,,,2022-025F,2022
,,,,2022-025G,2022
,,,,2022-025H,2022
,,,,2022-025J,2022
,,,,2022-025K,2022
,,,,2022-025L,2022
,,,,2022-025M,2022
,,,,2022-025N,2022
,,,,2022-025P,2022
,,,,2022-025Q,2022
,,,,2022-025R,2022
,,,,2022-025S,2022
,,,,2022-025T,2022
,,,,2022-025U,2022
,,,,2022-025V,2022
,,,,2022-025W,2022
,,,,2022-025X,2022
,,,,2022-025Y,2022
,,,,2022-025Z,2022
,,,,2022-026A,2022
,,,,2022-026D,2022
,,,,2022-026E,2022
,,,,2022-026F,2022
,,,,2022-026G,2022
,,,,2022-026N,2022
,,,,2022-026P,2022
,,,,2022-026T,2022
,,,,2022-026X,2022
,,,,2022-029A,2022
,,,,2022-029AA,2022
,,,,2022-029AB,2022
,,,,2022-029AC,2022
,,,,2022-029AD,2022
,,,,2022-029AE,2022
,,,,2022-029AF,2022
,,,,2022-029AG,2022
,,,,2022-029AH,2022
,,,,2022-029AJ,2022
,,,,2022-029AK,2022
,,,,2022-029AL,2022
,,,,2022-029AM,2022
,,,,2022-029AN,2022
,,,,2022-029AP,2022
,,,,2022-029AQ,2022
,,,,2022-029AR,2022
,,,,2022-029AT,2022
,,,,2022-029AV,2022
,,,,2022-029AW,2022
,,,,2022-029AX,2022
,,,,2022-029AY,2022
,,,,2022-029AZ,2022
,,,,2022-029B,2022
,,,,2022-029BA,2022
,,,,2022-029BB,2022
,,,,2022-029BC,2022
,,,,2022-029BD,2022
,,,,2022-029BE,2022
,,,,2022-029C,2022
,,,,2022-029D,2022
,,,,2022-029E,2022
,,,,2022-029F,2022
,,,,2022-029G,2022
,,,,2022-029H,2022
,,,,2022-029J,2022
,,,,2022-029L,2022
,,,,2022-029N,2022
,,,,2022-029P,2022
,,,,2022-029Q,2022
,,,,2022-029R,2022
,,,,2022-029T,2022
,,,,2022-029U,2022
,,,,2022-029V,2022
,,,,2022-029W,2022
,,,,2022-029Y,2022
,,,,2022-029Z,2022
,,,,2022-033A,2022
,,,,2022-033AB,2022
,,,,2022-033B,2022
,,,,2022-033F,2022
,,,,2022-033J,2022
,,,,2022-033K,2022
,,,,2022-033L,2022
,,,,2022-033P,2022
,,,,2022-033V,2022
,,,,2022-034B,2022
,,,,2022-034C,2022
,,,,2022-041A,2022
,,,,2022-041AA,2022
,,,,2022-041AB,2022
,,,,2022-041AC,2022
,,,,2022-041AD,2022
,,,,2022-041AE,2022
,,,,2022-041AF,2022
,,,,2022-041AG,2022
,,,,2022-041AH,2022
,,,,2022-041AJ,2022
,,,,2022-041AK,2022
,,,,2022-041AL,2022
,,,,2022-041AM,2022
,,,,2022-041AN,2022
,,,,2022-041AP,2022
,,,,2022-041AQ,2022
,,,,2022-041AR,2022
,,,,2022-041AS,2022
,,,,2022-041AT,2022
,,,,2022-041AU,2022
,,,,2022-041AV,2022
,,,,2022-041AW,2022
,,,,2022-041AX,2022
,,,,2022-041AY,2022
,,,,2022-041AZ,2022
,,,,2022-041B,2022
,,,,2022-041BA,2022
,,,,2022-041BB,2022
,,,,2022-041BC,2022
,,,,2022-041BD,2022
,,,,2022-041BE,2022
,,,,2022-041C,2022
,,,,2022-041D,2022
,,,,2022-041E,2022
,,,,2022-041F,2022
,,,,2022-041G,2022
,,,,2022-041H,2022
,,,,2022-041J,2022
,,,,2022-041K,2022
,,,,2022-041L,2022
,,,,2022-041M,2022
,,,,2022-041N,2022
,,,,2022-041P,2022
,,,,2022-041Q,2022
,,,,2022-041R,2022
,,,,2022-041S,2022
,,,,2022-041T,2022
,,,,2022-041U,2022
,,,,2022-041V,2022
,,,,2022-041W,2022
,,,,2022-041X,2022
,,,,2022-041Y,2022
,,,,2022-041Z,2022
,,,,2022-042A,2022
,,,,2022-045A,2022
,,,,2022-045AA,2022
,,,,2022-045AB,2022
,,,,2022-045AC,2022
,,,,2022-045AD,2022
,,,,2022-045AE,2022
,,,,2022-045AF,2022
,,,,2022-045AG,2022
,,,,2022-045AH,2022
,,,,2022-045AJ,2022
,,,,2022-045AK,2022
,,,,2022-045AL,2022
,,,,2022-045AM,2022
,,,,2022-045AN,2022
,,,,2022-045AP,2022
,,,,2022-045AQ,2022
,,,,2022-045AR,2022
,,,,2022-045AS,2022
,,,,2022-045AT,2022
,,,,2022-045AU,2022
,,,,2022-045AV,2022
,,,,2022-045AW,2022
,,,,2022-045AX,2022
,,,,2022-045AY,2022
,,,,2022-045AZ,2022
,,,,2022-045B,2022
,,,,2022-045BA,2022
,,,,2022-045BB,2022
,,,,2022-045BC,2022
,,,,2022-045BD,2022
,,,,2022-045BE,2022
,,,,2022-045C,2022
,,,,2022-045D,2022
,,,,2022-045E,2022
,,,,2022-045F,2022
,,,,2022-045G,2022
,,,,2022-045H,2022
,,,,2022-045J,2022
,,,,2022-045K,2022
,,,,2022-045L,2022
,,,,2022-045M,2022
,,,,2022-045N,2022
,,,,2022-045P,2022
,,,,2022-045Q,2022
,,,,2022-045R,2022
,,,,2022-045S,2022
,,,,2022-045T,2022
,,,,2022-045U,2022
,,,,2022-045V,2022
,,,,2022-045W,2022
,,,,2022-045X,2022
,,,,2022-045Y,2022
,,,,2022-045Z,2022
,,,,2022-049A,2022
,,,,2022-049AA,2022
,,,,2022-049AB,2022
,,,,2022-049AC,2022
,,,,2022-049AD,2022
,,,,2022-049AE,2022
,,,,2022-049AF,2022
,,,,2022-049AG,2022
,,,,2022-049AH,2022
,,,,2022-049AJ,2022
,,,,2022-049AK,2022
,,,,2022-049AL,2022
,,,,2022-049AM,2022
,,,,2022-049AN,2022
,,,,2022-049AP,2022
,,,,2022-049AQ,2022
,,,,2022-049AR,2022
,,,,2022-049AS,2022
,,,,2022-049AT,2022
,,,,2022-049AU,2022
,,,,2022-049AV,2022
,,,,2022-049AW,2022
,,,,2022-049AX,2022
,,,,2022-049AY,2022
,,,,2022-049AZ,2022
,,,,2022-049B,2022
,,,,2022-049BA,2022
,,,,2022-049BB,2022
,,,,2022-049BC,2022
,,,,2022-049BD,2022
,,,,2022-049BE,2022
,,,,2022-049C,2022
,,,,2022-049D,2022
,,,,2022-049E,2022
,,,,2022-049F,2022
,,,,2022-049G,2022
,,,,2022-049H,2022
,,,,2022-049J,2022
,,,,2022-049K,2022
,,,,2022-049L,2022
,,,,2022-049M,2022
,,,,2022-049N,2022
,,,,2022-049P,2022
,,,,2022-049Q,2022
,,,,2022-049R,2022
,,,,2022-049S,2022
,,,,2022-049T,2022
,,,,2022-049U,2022
,,,,2022-049V,2022
,,,,2022-049W,2022
,,,,2022-049X,2022
,,,,2022-049Y,2022
,,,,2022-049Z,2022
,,,,2022-051A,2022
,,,,2022-051AA,2022
,,,,2022-051AB,2022
,,,,2022-051AC,2022
,,,,2022-051AD,2022
,,,,2022-051AE,2022
,,,,2022-051AF,2022
,,,,2022-051AG,2022
,,,,2022-051AH,2022
,,,,2022-051AJ,2022
,,,,2022-051AK,2022
,,,,2022-051AL,2022
,,,,2022-051AM,2022
,,,,2022-051AN,2022
,,,,2022-051AP,2022
,,,,2022-051AQ,2022
,,,,2022-051AR,2022
,,,,2022-051AS,2022
,,,,2022-051AT,2022
,,,,2022-051AU,2022
,,,,2022-051AV,2022
,,,,2022-051AW,2022
,,,,2022-051AX,2022
,,,,2022-051AY,2022
,,,,2022-051AZ,2022
,,,,2022-051B,2022
,,,,2022-051BA,2022
,,,,2022-051BB,2022
,,,,2022-051BC,2022
,,,,2022-051BD,2022
,,,,2022-051BE,2022
,,,,2022-051C,2022
,,,,2022-051D,2022
,,,,2022-051E,2022
,,,,2022-051F,2022
,,,,2022-051G,2022
,,,,2022-051H,2022
,,,,2022-051J,2022
,,,,2022-051K,2022
,,,,2022-051L,2022
,,,,2022-051M,2022
,,,,2022-051N,2022
,,,,2022-051P,2022
,,,,2022-051Q,2022
,,,,2022-051R,2022
,,,,2022-051S,2022
,,,,2022-051T,2022
,,,,2022-051U,2022
,,,,2022-051V,2022
,,,,2022-051W,2022
,,,,2022-051X,2022
,,,,2022-051Y,2022
,,,,2022-051Z,2022
,,,,2022-052A,2022
,,,,2022-052AA,2022
,,,,2022-052AB,2022
,,,,2022-052AC,2022
,,,,2022-052AD,2022
,,,,2022-052AE,2022
,,,,2022-052AF,2022
,,,,2022-052AG,2022
,,,,2022-052AH,2022
,,,,2022-052AJ,2022
,,,,2022-052AK,2022
,,,,2022-052AL,2022
,,,,2022-052AM,2022
,,,,2022-052AN,2022
,,,,2022-052AP,2022
,,,,2022-052AQ,2022
,,,,2022-052AR,2022
,,,,2022-052AS,2022
,,,,2022-052AT,2022
,,,,2022-052AU,2022
,,,,2022-052AV,2022
,,,,2022-052AW,2022
,,,,2022-052AX,2022
,,,,2022-052AY,2022
,,,,2022-052AZ,2022
,,,,2022-052B,2022
,,,,2022-052BA,2022
,,,,2022-052BB,2022
,,,,2022-052BC,2022
,,,,2022-052BD,2022
,,,,2022-052BE,2022
,,,,2022-052C,2022
,,,,2022-052D,2022
,,,,2022-052E,2022
,,,,2022-052F,2022
,,,,2022-052G,2022
,,,,2022-052H,2022
,,,,2022-052J,2022
,,,,2022-052K,2022
,,,,2022-052L,2022
,,,,2022-052M,2022
,,,,2022-052N,2022
,,,,2022-052P,2022
,,,,2022-052Q,2022
,,,,2022-052R,2022
,,,,2022-052S,2022
,,,,2022-052T,2022
,,,,2022-052U,2022
,,,,2022-052V,2022
,,,,2022-052W,2022
,,,,2022-052X,2022
,,,,2022-052Y,2022
,,,,2022-052Z,2022
,,,,2022-053A,2022
,,,,2022-053AA,2022
,,,,2022-053AB,2022
,,,,2022-053AC,2022
,,,,2022-053AD,2022
,,,,2022-053AE,2022
,,,,2022-053AF,2022
,,,,2022-053AG,2022
,,,,2022-053AH,2022
,,,,2022-053AJ,2022
,,,,2022-053AK,2022
,,,,2022-053AL,2022
,,,,2022-053AM,2022
,,,,2022-053AN,2022
,,,,2022-053AP,2022
,,,,2022-053AQ,2022
,,,,2022-053AR,2022
,,,,2022-053AS,2022
,,,,2022-053AT,2022
,,,,2022-053AU,2022
,,,,2022-053AV,2022
,,,,2022-053AW,2022
,,,,2022-053AX,2022
,,,,2022-053AY,2022
,,,,2022-053AZ,2022
,,,,2022-053B,2022
,,,,2022-053BA,2022
,,,,2022-053BB,2022
,,,,2022-053BC,2022
,,,,2022-053BD,2022
,,,,2022-053BE,2022
,,,,2022-053C,2022
,,,,2022-053D,2022
,,,,2022-053E,2022
,,,,2022-053F,2022
,,,,2022-053G,2022
,,,,2022-053H,2022
,,,,2022-053J,2022
,,,,2022-053K,2022
,,,,2022-053L,2022
,,,,2022-053M,2022
,,,,2022-053N,2022
,,,,2022-053P,2022
,,,,2022-053Q,2022
,,,,2022-053R,2022
,,,,2022-053S,2022
,,,,2022-053T,2022
,,,,2022-053U,2022
,,,,2022-053V,2022
,,,,2022-053W,2022
,,,,2022-053X,2022
,,,,2022-053Y,2022
,,,,2022-053Z,2022
,,,,2022-057AA,2022
,,,,2022-057AB,2022
,,,,2022-057AE,2022
,,,,2022-057AG,2022
,,,,2022-057AH,2022
,,,,2022-057AR,2022
,,,,2022-057AU,2022
,,,,2022-057C,2022
,,,,2022-057D,2022
,,,,2022-057J,2022
,,,,2022-057K,2022
,,,,2022-057L,2022
,,,,2022-057P,2022
,,,,2022-057X,2022
,,,,2022-057Y,2022
,,,,2022-057Z,2022
,,,,2022-061B,2022
,,,,2022-062A,2022
,,,,2022-062AA,2022
,,,,2022-062AB,2022
,,,,2022-062AC,2022
,,,,2022-062AD,2022
,,,,2022-062AE,2022
,,,,2022-062AF,2022
,,,,2022-062AG,2022
,,,,2022-062AH,2022
,,,,2022-062AJ,2022
,,,,2022-062AK,2022
,,,,2022-062AL,2022
,,,,2022-062AM,2022
,,,,2022-062AN,2022
,,,,2022-062AP,2022
,,,,2022-062AQ,2022
,,,,2022-062AR,2022
,,,,2022-062AS,2022
,,,,2022-062AT,2022
,,,,2022-062AU,2022
,,,,2022-062AV,2022
,,,,2022-062AW,2022
,,,,2022-062AX,2022
,,,,2022-062AY,2022
,,,,2022-062AZ,2022
,,,,2022-062B,2022
,,,,2022-062BA,2022
,,,,2022-062BB,2022
,,,,2022-062BC,2022
,,,,2022-062BD,2022
,,,,2022-062BE,2022
,,,,2022-062C,2022
,,,,2022-062D,2022
,,,,2022-062E,2022
,,,,2022-062F,2022
,,,,2022-062G,2022
,,,,2022-062H,2022
,,,,2022-062J,2022
,,,,2022-062K,2022
,,,,2022-062L,2022
,,,,2022-062M,2022
,,,,2022-062N,2022
,,,,2022-062P,2022
,,,,2022-062Q,2022
,,,,2022-062R,2022
,,,,2022-062S,2022
,,,,2022-062T,2022
,,,,2022-062U,2022
,,,,2022-062V,2022
,,,,2022-062W,2022
,,,,2022-062X,2022
,,,,2022-062Y,2022
,,,,2022-062Z,2022
,,,,2022-064A,2022
,,,,2022-070A,2022
,,,,2022-071B,2022
,,,,2022-074B,2022
,,,,2022-074C,2022
,,,,2022-074D,2022
,,,,2022-074F,2022
,,,,2022-074G,2022
,,,,2022-074H,2022
,,,,2022-076A,2022
,,,,2022-076AA,2022
,,,,2022-076AB,2022
,,,,2022-076AC,2022
,,,,2022-076AD,2022
,,,,2022-076AE,2022
,,,,2022-076AF,2022
,,,,2022-076AG,2022
,,,,2022-076AH,2022
,,,,2022-076AJ,2022
,,,,2022-076AK,2022
,,,,2022-076AL,2022
,,,,2022-076AM,2022
,,,,2022-076AN,2022
,,,,2022-076AP,2022
,,,,2022-076AQ,2022
,,,,2022-076AR,2022
,,,,2022-076AS,2022
,,,,2022-076AT,2022
,,,,2022-076AU,2022
,,,,2022-076AV,2022
,,,,2022-076AW,2022
,,,,2022-076AX,2022
,,,,2022-076AY,2022
,,,,2022-076AZ,2022
,,,,2022-076B,2022
,,,,2022-076BA,2022
,,,,2022-076BB,2022
,,,,2022-076BC,2022
,,,,2022-076BD,2022
,,,,2022-076BE,2022
,,,,2022-076C,2022
,,,,2022-076D,2022
,,,,2022-076E,2022
,,,,2022-076F,2022
,,,,2022-076G,2022
,,,,2022-076H,2022
,,,,2022-076J,2022
,,,,2022-076K,2022
,,,,2022-076L,2022
,,,,2022-076M,2022
,,,,2022-076N,2022
,,,,2022-076P,2022
,,,,2022-076Q,2022
,,,,2022-076R,2022
,,,,2022-076S,2022
,,,,2022-076T,2022
,,,,2022-076U,2022
,,,,2022-076V,2022
,,,,2022-076W,2022
,,,,2022-076X,2022
,,,,2022-076Y,2022
,,,,2022-076Z,2022
,,,,2022-077A,2022
,,,,2022-077AA,2022
,,,,2022-077AB,2022
,,,,2022-077AC,2022
,,,,2022-077AD,2022
,,,,2022-077AE,2022
,,,,2022-077AF,2022
,,,,2022-077AG,2022
,,,,2022-077AH,2022
,,,,2022-077AJ,2022
,,,,2022-077AK,2022
,,,,2022-077AL,2022
,,,,2022-077AM,2022
,,,,2022-077AN,2022
,,,,2022-077AP,2022
,,,,2022-077AQ,2022
,,,,2022-077AR,2022
,,,,2022-077AS,2022
,,,,2022-077AT,2022
,,,,2022-077AU,2022
,,,,2022-077AV,2022
,,,,2022-077AW,2022
,,,,2022-077AX,2022
,,,,2022-077B,2022
,,,,2022-077C,2022
,,,,2022-077D,2022
,,,,2022-077E,2022
,,,,2022-077F,2022
,,,,2022-077G,2022
,,,,2022-077H,2022
,,,,2022-077J,2022
,,,,2022-077K,2022
,,,,2022-077L,2022
,,,,2022-077M,2022
,,,,2022-077N,2022
,,,,2022-077P,2022
,,,,2022-077Q,2022
,,,,2022-077R,2022
,,,,2022-077S,2022
,,,,2022-077T,2022
,,,,2022-077U,2022
,,,,2022-077V,2022
,,,,2022-077W,2022
,,,,2022-077X,2022
,,,,2022-077Y,2022
,,,,2022-077Z,2022
,,,,2022-079B,2022
,,,,2022-083A,2022
,,,,2022-083AA,2022
,,,,2022-083AB,2022
,,,,2022-083AC,2022
,,,,2022-083AD,2022
,,,,2022-083AE,2022
,,,,2022-083AF,2022
,,,,2022-083AG,2022
,,,,2022-083AH,2022
,,,,2022-083AJ,2022
,,,,2022-083AK,2022
,,,,2022-083AL,2022
,,,,2022-083AM,2022
,,,,2022-083AN,2022
,,,,2022-083AP,2022
,,,,2022-083AQ,2022
,,,,2022-083AR,2022
,,,,2022-083AS,2022
,,,,2022-083AT,2022
,,,,2022-083AU,2022
,,,,2022-083AV,2022
,,,,2022-083AW,2022
,,,,2022-083AX,2022
,,,,2022-083AY,2022
,,,,2022-083AZ,2022
,,,,2022-083B,2022
,,,,2022-083BA,2022
,,,,2022-083BB,2022
,,,,2022-083BC,2022
,,,,2022-083BD,2022
,,,,2022-083BE,2022
,,,,2022-083C,2022
,,,,2022-083D,2022
,,,,2022-083E,2022
,,,,2022-083F,2022
,,,,2022-083G,2022
,,,,2022-083H,2022
,,,,2022-083J,2022
,,,,2022-083K,2022
,,,,2022-083L,2022
,,,,2022-083M,2022
,,,,2022-083N,2022
,,,,2022-083P,2022
,,,,2022-083Q,2022
,,,,2022-083R,2022
,,,,2022-083S,2022
,,,,2022-083T,2022
,,,,2022-083U,2022
,,,,2022-083V,2022
,,,,2022-083W,2022
,,,,2022-083X,2022
,,,,2022-083Y,2022
,,,,2022-083Z,2022
,,,,2022-084A,2022
,,,,2022-084AA,2022
,,,,2022-084AB,2022
,,,,2022-084AC,2022
,,,,2022-084AD,2022
,,,,2022-084AE,2022
,,,,2022-084AF,2022
,,,,2022-084AG,2022
,,,,2022-084AH,2022
,,,,2022-084AJ,2022
,,,,2022-084AK,2022
,,,,2022-084AL,2022
,,,,2022-084AM,2022
,,,,2022-084AN,2022
,,,,2022-084AP,2022
,,,,2022-084AQ,2022
,,,,2022-084AR,2022
,,,,2022-084AS,2022
,,,,2022-084AT,2022
,,,,2022-084AU,2022
,,,,2022-084AV,2022
,,,,2022-084AW,2022
,,,,2022-084AX,2022
,,,,2022-084B,2022
,,,,2022-084C,2022
,,,,2022-084D,2022
,,,,2022-084E,2022
,,,,2022-084F,2022
,,,,2022-084G,2022
,,,,2022-084H,2022
,,,,2022-084J,2022
,,,,2022-084K,2022
,,,,2022-084L,2022
,,,,2022-084M,2022
,,,,2022-084N,2022
,,,,2022-084P,2022
,,,,2022-084Q,2022
,,,,2022-084R,2022
,,,,2022-084S,2022
,,,,2022-084T,2022
,,,,2022-084U,2022
,,,,2022-084V,2022
,,,,2022-084W,2022
,,,,2022-084X,2022
,,,,2022-084Y,2022
,,,,2022-084Z,2022
,,,,2022-086A,2022
,,,,2022-086AA,2022
,,,,2022-086AB,2022
,,,,2022-086AC,2022
,,,,2022-086AD,2022
,,,,2022-086AF,2022
,,,,2022-086AG,2022
,,,,2022-086AH,2022
,,,,2022-086AJ,2022
,,,,2022-086AK,2022
,,,,2022-086AL,2022
,,,,2022-086AM,2022
,,,,2022-086AN,2022
,,,,2022-086AQ,2022
,,,,2022-086AR,2022
,,,,2022-086AS,2022
,,,,2022-086AT,2022
,,,,2022-086AU,2022
,,,,2022-086AV,2022
,,,,2022-086AW,2022
,,,,2022-086AX,2022
,,,,2022-086AY,2022
,,,,2022-086AZ,2022
,,,,2022-086B,2022
,,,,2022-086BA,2022
,,,,2022-086BB,2022
,,,,2022-086BC,2022
,,,,2022-086BD,2022
,,,,2022-086BE,2022
,,,,2022-086C,2022
,,,,2022-086D,2022
,,,,2022-086E,2022
,,,,2022-086F,2022
,,,,2022-086G,2022
,,,,2022-086H,2022
,,,,2022-086J,2022
,,,,2022-086K,2022
,,,,2022-086L,2022
,,,,2022-086M,2022
,,,,2022-086N,2022
,,,,2022-086P,2022
,,,,2022-086Q,2022
,,,,2022-086R,2022
,,,,2022-086S,2022
,,,,2022-086T,2022
,,,,2022-086U,2022
,,,,2022-086V,2022
,,,,2022-086W,2022
,,,,2022-086X,2022
,,,,2022-086Y,2022
,,,,2022-086Z,2022
,,,,2022-092A,2022
,,,,2022-092B,2022
,,,,2022-097A,2022
,,,,2022-097AA,2022
,,,,2022-097AB,2022
,,,,2022-097AC,2022
,,,,2022-097AD,2022
,,,,2022-097AE,2022
,,,,2022-097AF,2022
,,,,2022-097AG,2022
,,,,2022-097AH,2022
,,,,2022-097AJ,2022
,,,,2022-097AK,2022
,,,,2022-097AL,2022
,,,,2022-097AM,2022
,,,,2022-097AN,2022
,,,,2022-097AP,2022
,,,,2022-097AQ,2022
,,,,2022-097AR,2022
,,,,2022-097AS,2022
,,,,2022-097AT,2022
,,,,2022-097AU,2022
,,,,2022-097AV,2022
,,,,2022-097AW,2022
,,,,2022-097AX,2022
,,,,2022-097AY,2022
,,,,2022-097AZ,2022
,,,,2022-097B,2022
,,,,2022-097BA,2022
,,,,2022-097BC,2022
,,,,2022-097BD,2022
,,,,2022-097C,2022
,,,,2022-097D,2022
,,,,2022-097E,2022
,,,,2022-097F,2022
,,,,2022-097G,2022
,,,,2022-097H,2022
,,,,2022-097J,2022
,,,,2022-097K,2022
,,,,2022-097L,2022
,,,,2022-097M,2022
,,,,2022-097N,2022
,,,,2022-097P,2022
,,,,2022-097Q,2022
,,,,2022-097R,2022
,,,,2022-097S,2022
,,,,2022-097T,2022
,,,,2022-097U,2022
,,,,2022-097V,2022
,,,,2022-097W,2022
,,,,2022-097X,2022
,,,,2022-097Y,2022
,,,,2022-097Z,2022
,,,,2022-099A,2022
,,,,2022-099AA,2022
,,,,2022-099AB,2022
,,,,2022-099AC,2022
,,,,2022-099AD,2022
,,,,2022-099AE,2022
,,,,2022-099AF,2022
,,,,2022-099AG,2022
,,,,2022-099AH,2022
,,,,2022-099AJ,2022
,,,,2022-099AK,2022
,,,,2022-099AL,2022
,,,,2022-099AM,2022
,,,,2022-099AN,2022
,,,,2022-099AP,2022
,,,,2022-099AQ,2022
,,,,2022-099AR,2022
,,,,2022-099AS,2022
,,,,2022-099AT,2022
,,,,2022-099AU,2022
,,,,2022-099AV,2022
,,,,2022-099AW,2022
,,,,2022-099AX,2022
,,,,2022-099AY,2022
,,,,2022-099B,2022
,,,,2022-099BB,2022
,,,,2022-099C,2022
,,,,2022-099D,2022
,,,,2022-099E,2022
,,,,2022-099F,2022
,,,,2022-099G,2022
,,,,2022-099H,2022
,,,,2022-099J,2022
,,,,2022-099K,2022
,,,,2022-099L,2022
,,,,2022-099M,2022
,,,,2022-099N,2022
,,,,2022-099P,2022
,,,,2022-099Q,2022
,,,,2022-099R,2022
,,,,2022-099S,2022
,,,,2022-099T,2022
,,,,2022-099U,2022
,,,,2022-099V,2022
,,,,2022-099W,2022
,,,,2022-099X,2022
,,,,2022-099Y,2022
,,,,2022-099Z,2022
,,,,2022-101A,2022
,,,,2022-101AA,2022
,,,,2022-101AB,2022
,,,,2022-101AC,2022
,,,,2022-101AD,2022
,,,,2022-101AE,2022
,,,,2022-101AF,2022
,,,,2022-101AG,2022
,,,,2022-101AH,2022
,,,,2022-101AJ,2022
,,,,2022-101AK,2022
,,,,2022-101AL,2022
,,,,2022-101AM,2022
,,,,2022-101AN,2022
,,,,2022-101AP,2022
,,,,2022-101AQ,2022
,,,,2022-101AR,2022
,,,,2022-101AS,2022
,,,,2022-101AT,2022
,,,,2022-101AU,2022
,,,,2022-101AV,2022
,,,,2022-101AW,2022
,,,,2022-101AX,2022
,,,,2022-101AY,2022
,,,,2022-101AZ,2022
,,,,2022-101B,2022
,,,,2022-101BA,2022
,,,,2022-101BB,2022
,,,,2022-101BC,2022
,,,,2022-101BD,2022
,,,,2022-101BE,2022
,,,,2022-101C,2022
,,,,2022-101D,2022
,,,,2022-101E,2022
,,,,2022-101F,2022
,,,,2022-101G,2022
,,,,2022-101H,2022
,,,,2022-101J,2022
,,,,2022-101K,2022
,,,,2022-101L,2022
,,,,2022-101M,2022
,,,,2022-101N,2022
,,,,2022-101P,2022
,,,,2022-101Q,2022
,,,,2022-101R,2022
,,,,2022-101S,2022
,,,,2022-101T,2022
,,,,2022-101U,2022
,,,,2022-101V,2022
,,,,2022-101W,2022
,,,,2022-101X,2022
,,,,2022-101Y,2022
,,,,2022-101Z,2022
,,,,2022-104A,2022
,,,,2022-104AA,2022
,,,,2022-104AB,2022
,,,,2022-104AE,2022
,,,,2022-104AF,2022
,,,,2022-104AG,2022
,,,,2022-104AH,2022
,,,,2022-104AJ,2022
,,,,2022-104AK,2022
,,,,2022-104AL,2022
,,,,2022-104AM,2022
,,,,2022-104AN,2022
,,,,2022-104AP,2022
,,,,2022-104AQ,2022
,,,,2022-104AR,2022
,,,,2022-104AS,2022
,,,,2022-104AT,2022
,,,,2022-104AU,2022
,,,,2022-104AV,2022
,,,,2022-104AW,2022
,,,,2022-104AX,2022
,,,,2022-104AY,2022
,,,,2022-104AZ,2022
,,,,2022-104B,2022
,,,,2022-104BA,2022
,,,,2022-104BB,2022
,,,,2022-104BC,2022
,,,,2022-104BD,2022
,,,,2022-104BE,2022
,,,,2022-104BF,2022
,,,,2022-104C,2022
,,,,2022-104D,2022
,,,,2022-104E,2022
,,,,2022-104F,2022
,,,,2022-104G,2022
,,,,2022-104H,2022
,,,,2022-104J,2022
,,,,2022-104K,2022
,,,,2022-104L,2022
,,,,2022-104M,2022
,,,,2022-104N,2022
,,,,2022-104P,2022
,,,,2022-104Q,2022
,,,,2022-104R,2022
,,,,2022-104S,2022
,,,,2022-104T,2022
,,,,2022-104U,2022
,,,,2022-104V,2022
,,,,2022-104W,2022
,,,,2022-104X,2022
,,,,2022-104Y,2022
,,,,2022-104Z,2022
,,,,2022-105A,2022
,,,,2022-105AA,2022
,,,,2022-105AB,2022
,,,,2022-105AC,2022
,,,,2022-105AD,2022
,,,,2022-105AE,2022
,,,,2022-105AF,2022
,,,,2022-105AG,2022
,,,,2022-105AH,2022
,,,,2022-105AJ,2022
,,,,2022-105AK,2022
,,,,2022-105AL,2022
,,,,2022-105AM,2022
,,,,2022-105AN,2022
,,,,2022-105AP,2022
,,,,2022-105AQ,2022
,,,,2022-105AR,2022
,,,,2022-105AS,2022
,,,,2022-105AT,2022
,,,,2022-105AU,2022
,,,,2022-105AV,2022
,,,,2022-105AW,2022
,,,,2022-105AX,2022
,,,,2022-105AY,2022
,,,,2022-105AZ,2022
,,,,2022-105B,2022
,,,,2022-105BA,2022
,,,,2022-105BB,2022
,,,,2022-105C,2022
,,,,2022-105D,2022
,,,,2022-105E,2022
,,,,2022-105F,2022
,,,,2022-105G,2022
,,,,2022-105H,2022
,,,,2022-105J,2022
,,,,2022-105K,2022
,,,,2022-105L,2022
,,,,2022-105M,2022
,,,,2022-105N,2022
,,,,2022-105P,2022
,,,,2022-105Q,2022
,,,,2022-105R,2022
,,,,2022-105S,2022
,,,,2022-105T,2022
,,,,2022-105U,2022
,,,,2022-105V,2022
,,,,2022-105W,2022
,,,,2022-105X,2022
,,,,2022-105Y,2022
,,,,2022-105Z,2022
,,,,2022-107A,2022
,,,,2022-107AA,2022
,,,,2022-107AB,2022
,,,,2022-107AC,2022
,,,,2022-107AD,2022
,,,,2022-107AE,2022
,,,,2022-107AF,2022
,,,,2022-107AG,2022
,,,,2022-107AH,2022
,,,,2022-107AJ,2022
,,,,2022-107AK,2022
,,,,2022-107AL,2022
,,,,2022-107AM,2022
,,,,2022-107AN,2022
,,,,2022-107AP,2022
,,,,2022-107AQ,2022
,,,,2022-107AR,2022
,,,,2022-107AS,2022
,,,,2022-107AT,2022
,,,,2022-107AU,2022
,,,,2022-107AV,2022
,,,,2022-107AW,2022
,,,,2022-107AX,2022
,,,,2022-107AY,2022
,,,,2022-107AZ,2022
,,,,2022-107B,2022
,,,,2022-107BA,2022
,,,,2022-107BB,2022
,,,,2022-107BC,2022
,,,,2022-107BD,2022
,,,,2022-107BE,2022
,,,,2022-107BF,2022
,,,,2022-107BG,2022
,,,,2022-107BH,2022
,,,,2022-107BJ,2022
,,,,2022-107C,2022
,,,,2022-107D,2022
,,,,2022-107E,2022
,,,,2022-107F,2022
,,,,2022-107G,2022
,,,,2022-107H,2022
,,,,2022-107J,2022
,,,,2022-107K,2022
,,,,2022-107L,2022
,,,,2022-107M,2022
,,,,2022-107N,2022
,,,,2022-107P,2022
,,,,2022-107Q,2022
,,,,2022-107R,2022
,,,,2022-107S,2022
,,,,2022-107T,2022
,,,,2022-107U,2022
,,,,2022-107V,2022
,,,,2022-107W,2022
,,,,2022-107X,2022
,,,,2022-107Y,2022
,,,,2022-107Z,2022
,,,,2022-111A,2022
,,,,2022-111AA,2022
,,,,2022-111AB,2022
,,,,2022-111AC,2022
,,,,2022-111AD,2022
,,,,2022-111AE,2022
,,,,2022-111AF,2022
,,,,2022-111AG,2022
,,,,2022-111AH,2022
,,,,2022-111AJ,2022
,,,,2022-111AK,2022
,,,,2022-111AL,2022
,,,,2022-111AM,2022
,,,,2022-111AN,2022
,,,,2022-111AP,2022
,,,,2022-111AQ,2022
,,,,2022-111AR,2022
,,,,2022-111B,2022
,,,,2022-111C,2022
,,,,2022-111D,2022
,,,,2022-111E,2022
,,,,2022-111F,2022
,,,,2022-111G,2022
,,,,2022-111H,2022
,,,,2022-111J,2022
,,,,2022-111K,2022
,,,,2022-111L,2022
,,,,2022-111M,2022
,,,,2022-111N,2022
,,,,2022-111P,2022
,,,,2022-111Q,2022
,,,,2022-111R,2022
,,,,2022-111S,2022
,,,,2022-111T,2022
,,,,2022-111U,2022
,,,,2022-111V,2022
,,,,2022-111W,2022
,,,,2022-111X,2022
,,,,2022-111Y,2022
,,,,2022-111Z,2022
,,,,2022-113C,2022